species,ID,date,treatment,incu_temperature,measure_temperature,salinity,volumn,start time,end time,surface_area,start_c_pH,end_c pH,end_pH,Diff_pH,Diff_pH_nor,start_c_TA,end_c TA,end_e TA,Diff_TA,Diff_TA_nor,Cal,Total_photo,Net_photosynthesis,light_respiration ,Dark_respiration ,start_c_DIC ,end_c DIC ,end_DIC,Diff_DIC,Diff_DIC_nor,Remove_TDIC,start_c_CO2,end_c_CO2,end_CO2,diff_CO2,CO2_remove,TA/TCO2,Fv/Fm,CCP,Net_photosynthesis,Dark_respiration
Acropora hyacinthus,A1-1,45570,light,27,25,33.9,0.38,0.291666667,0.416666667,15.249,7.883607159,7.88699078,8.015549219,-0.13532568,-0.002958132,2256.612315,2247.650121,2225.059514,40.51499412,0.885631716,0.168270026,14.25093449,0.57003738,-4.750311496,-0.401829628,2046.561279,2036.530762,1948.764038,-185.5639648,-12.1689268,-0.101081867,17.22147396,16.99510983,11.80994246,-10.59669886,-0.088022068,-0.218334385,0.711,-0.336540052,9.500622992,-6.69716047
Acropora hyacinthus,A1-2,45570,light,27,25,33.9,0.38,0.291666667,0.416666667,15.249,7.883607159,7.88699078,8.015503006,-0.135279468,-0.002957122,2256.612315,2247.650121,2227.381895,38.19261273,0.834865952,0.158624531,14.25093449,0.57003738,-4.750311496,-0.401829628,2046.561279,2036.530762,1950.912354,-181.267334,-11.88716204,-0.098741373,17.22147396,16.99510983,11.82435301,-10.56787776,-0.087782664,-0.210697713,0.737,-0.317249062,9.500622992,-6.69716047
Acropora hyacinthus,A1-3,45570,light,27,25,33.9,0.38,0.291666667,0.416666667,15.249,7.883607159,7.88699078,8.018644083,-0.138420545,-0.003025784,2256.612315,2247.650121,2224.329961,41.24454747,0.901579283,0.171300064,14.25093449,0.57003738,-4.750311496,-0.401829628,2046.561279,2036.530762,1946.371338,-190.3493652,-12.48274413,-0.103688608,17.22147396,16.99510983,11.70379242,-10.80899895,-0.089785551,-0.216678146,0.759,-0.342600128,9.500622992,-6.69716047
Acropora hyacinthus,A2-1,45570,light,27,25,33.9,0.38,0.291666667,0.416666667,12.909,7.883607159,7.88699078,7.933198237,-0.052974698,-0.001367901,2256.612315,2247.650121,2200.81771,64.75679808,1.67213567,0.317705777,24.00941204,0.700964443,-12.32667131,-0.264931443,2046.561279,2036.530762,1970.053833,-142.984375,-11.0763324,-0.108684027,17.22147396,16.99510983,14.66743438,-4.881715036,-0.047900734,-0.452894228,0.736,-0.635411554,11.68274072,-4.415524053
Acropora hyacinthus,A2-2,45570,light,27,25,33.9,0.38,0.291666667,0.416666667,12.909,7.883607159,7.88699078,7.943532405,-0.063308867,-0.001634748,2256.612315,2247.650121,2207.099662,58.47484646,1.509924509,0.286885657,24.00941204,0.700964443,-12.32667131,-0.264931443,2046.561279,2036.530762,1970.64624,-141.7995605,-10.98455036,-0.107783436,17.22147396,16.99510983,14.3002936,-5.615996587,-0.055105707,-0.412376782,0.722,-0.573771313,11.68274072,-4.415524053
Acropora hyacinthus,A2-3,45570,light,27,25,33.9,0.38,0.291666667,0.416666667,12.909,7.883607159,7.88699078,7.937333403,-0.057109865,-0.001474678,2256.612315,2247.650121,2200.834572,64.73993634,1.671700269,0.317623051,24.00941204,0.700964443,-12.32667131,-0.264931443,2046.561279,2036.530762,1967.984253,-147.1235352,-11.39697383,-0.111830249,17.22147396,16.99510983,14.50249355,-5.21159669,-0.051137623,-0.440037933,0.758,-0.635246102,11.68274072,-4.415524053
Acropora hyacinthus,A3-1,45570,light,27,25,33.9,0.38,0.291666667,0.416666667,15.954,7.883607159,7.88699078,7.963659728,-0.08343619,-0.001743266,2256.612315,2247.650121,2204.667165,60.90734332,1.2725616,0.241786704,14.96098157,0.464460323,-7.219976182,-0.31708349,2046.561279,2036.530762,1958.012085,-167.0678711,-10.47184851,-0.083141165,17.22147396,16.99510983,13.5142857,-7.188012385,-0.057069172,-0.364566466,0.737,-0.483573408,7.74100539,-5.284724834
Acropora hyacinthus,A3-2,45570,light,27,25,33.9,0.38,0.291666667,0.416666667,15.954,7.883607159,7.88699078,7.966774695,-0.086551157,-0.001808348,2256.612315,2247.650121,2191.624101,73.95040756,1.545075583,0.293564361,14.96098157,0.464460323,-7.219976182,-0.31708349,2046.561279,2036.530762,1944.349243,-194.3935547,-12.18462797,-0.096739765,17.22147396,16.99510983,13.31611098,-7.58436182,-0.060215985,-0.380415944,0.71,-0.587128722,7.74100539,-5.284724834
Acropora hyacinthus,A3-3,45570,light,27,25,33.9,0.38,0.291666667,0.416666667,15.954,7.883607159,7.88699078,7.968219817,-0.087996279,-0.001838542,2256.612315,2247.650121,2203.670353,61.90415528,1.293388393,0.245743795,14.96098157,0.464460323,-7.219976182,-0.31708349,2046.561279,2036.530762,1954.707275,-173.6774902,-10.88614079,-0.086430435,17.22147396,16.99510983,13.33884772,-7.538888345,-0.059854949,-0.356431655,0.754,-0.491487589,7.74100539,-5.284724834
Pocillopora damicornis,D1-1,45570,light,27,25,34.5,0.38,0.416666667,0.541666667,20.362546,7.899482185,7.897680858,7.988538131,-0.087254619,-0.001428352,2278.312438,2269.668669,2196.378308,90.57789981,1.482753349,0.281723136,17.36111111,0.467687075,-9.566326531,-0.420918367,2059.081787,2051.897461,1937.231445,-236.5163574,-11.61526449,-0.072253579,16.66286024,16.67860451,12.56458198,-8.212300787,-0.051085202,-0.382966746,0.718,-0.563446273,7.79478458,-7.015306122
Pocillopora damicornis,D1-2,45570,light,27,25,34.5,0.38,0.416666667,0.541666667,10.917397,7.899482185,7.897680858,7.992069998,-0.090786486,-0.002771921,2278.312438,2269.668669,2207.93522,79.02098828,2.412693193,0.458411707,17.36111111,0.467687075,-9.566326531,-0.420918367,2059.081787,2051.897461,1945.948853,-219.081543,-20.06719578,-0.232825169,16.66286024,16.67860451,12.50986268,-8.321739381,-0.096551127,-0.36069213,0.728,-0.916823413,7.79478458,-7.015306122
Pocillopora damicornis,D1-3,45570,light,27,25,34.5,0.38,0.416666667,0.541666667,10.917397,7.899482185,7.897680858,7.994588686,-0.093305174,-0.002848822,2278.312438,2269.668669,2198.282534,88.67367391,2.707411969,0.514408274,17.36111111,0.467687075,-9.566326531,-0.420918367,2059.081787,2051.897461,1935.729736,-239.5197754,-21.93927503,-0.254545551,16.66286024,16.67860451,12.36579471,-8.609875317,-0.09989416,-0.370214417,0.725,-1.028816548,7.79478458,-7.015306122
Pocillopora damicornis,D2-1,45570,light,27,25,34.5,0.38,0.416666667,0.541666667,10.917397,7.899482185,7.897680858,8.014164231,-0.112880719,-0.003446509,2278.312438,2269.668669,2195.281946,91.6742621,2.799026853,0.531815102,13.9266037,0.185064935,-10.84218811,-0.330873672,2059.081787,2051.897461,1922.316162,-266.3469238,-24.39655935,-0.283055645,16.66286024,16.67860451,11.69040324,-9.960658262,-0.115566319,-0.34419118,0.738,-1.063630204,3.084415584,-5.514561196
Pocillopora damicornis,D2-2,45570,light,27,25,34.5,0.38,0.416666667,0.541666667,12.800849,7.899482185,7.897680858,8.015477741,-0.114194229,-0.002973611,2278.312438,2269.668669,2202.423223,84.53298536,2.201233823,0.418234426,13.9266037,0.185064935,-10.84218811,-0.330873672,2059.081787,2051.897461,1928.118164,-254.7429199,-19.90047066,-0.19691868,16.66286024,16.67860451,11.68692981,-9.967605133,-0.098631217,-0.331836447,0.727,-0.836468853,3.084415584,-5.514561196
Pocillopora damicornis,D2-3,45570,light,27,25,34.5,0.38,0.416666667,0.541666667,12.800849,7.899482185,7.897680858,8.010838316,-0.109554804,-0.0028528,2278.312438,2269.668669,2192.225267,94.73094064,2.466787962,0.468689713,13.9266037,0.185064935,-10.84218811,-0.330873672,2059.081787,2051.897461,1921.347656,-268.2839355,-20.95829234,-0.207386012,16.66286024,16.67860451,11.78277132,-9.775922111,-0.09673448,-0.353099564,0.733,-0.937379425,3.084415584,-5.514561196
Pocillopora damicornis,D3-1,45570,light,27,25,34.5,0.38,0.416666667,0.541666667,12.800849,7.899482185,7.897680858,7.950504684,-0.049221172,-0.001281716,2278.312438,2269.668669,2193.280506,93.67570179,2.439309606,0.463468825,24.25909941,0.543267156,-15.20464681,-0.594518774,2059.081787,2051.897461,1954.284302,-202.4106445,-15.8122828,-0.156465337,16.66286024,16.67860451,13.93785474,-5.465755266,-0.054084616,-0.462800274,0.728,-0.92693765,9.054452597,-9.908646238
Pocillopora damicornis,D3-2,45570,light,27,25,34.5,0.38,0.416666667,0.541666667,16.452046,7.899482185,7.897680858,7.949288784,-0.048005272,-0.00097263,2278.312438,2269.668669,2197.443119,89.51308902,1.813616151,0.344587069,24.25909941,0.543267156,-15.20464681,-0.594518774,2059.081787,2051.897461,1958.759766,-193.4597168,-11.75900656,-0.090534282,16.66286024,16.67860451,14.01209128,-5.317282178,-0.04093852,-0.462696268,0.746,-0.689174137,9.054452597,-9.908646238
Pocillopora damicornis,D3-3,45570,light,27,25,34.5,0.38,0.416666667,0.541666667,16.452046,7.899482185,7.897680858,7.947873214,-0.046589703,-0.00094395,2278.312438,2269.668669,2190.51536,96.44084768,1.953978808,0.371255973,24.25909941,0.543267156,-15.20464681,-0.594518774,2059.081787,2051.897461,1953.068604,-204.842041,-12.45085511,-0.095860923,16.66286024,16.67860451,14.02065553,-5.300153687,-0.040806645,-0.47080593,0.727,-0.742511947,9.054452597,-9.908646238
Galaxea fascicularis,G1-1,45570,light,27,25,34.5,0.38,0.541666667,0.666666667,6.960824879,7.926548598,7.923326747,8.015290149,-0.0855197,-0.004095286,2265.196363,2251.748632,2181.630194,97.01389953,4.64570896,0.882684702,60.05035427,2.006227745,-26.61322519,-0.962170449,2033.237793,2022.368652,1909.219727,-237.1669922,-34.07167919,-0.620004971,15.38939474,15.42971091,11.57786022,-7.663385211,-0.139451211,-0.409053126,0.733,-1.765369405,33.43712908,-16.03617415
Galaxea fascicularis,G1-2,45570,light,27,25,34.5,0.38,0.541666667,0.666666667,6.960824879,7.926548598,7.923326747,8.0179776,-0.088207151,-0.00422398,2265.196363,2251.748632,2170.075759,108.5683342,5.199016693,0.987813172,60.05035427,2.006227745,-26.61322519,-0.962170449,2033.237793,2022.368652,1897.189819,-261.2268066,-37.52813943,-0.682902445,15.38939474,15.42971091,11.42724583,-7.964613993,-0.144932695,-0.415609468,0.731,-1.975626343,33.43712908,-16.03617415
Galaxea fascicularis,G1-3,45570,light,27,25,34.5,0.38,0.541666667,0.666666667,6.960824879,7.926548598,7.923326747,8.015905692,-0.086135243,-0.004124762,2265.196363,2251.748632,2185.561163,93.08292998,4.457466444,0.846918624,60.05035427,2.006227745,-26.61322519,-0.962170449,2033.237793,2022.368652,1912.474243,-230.657959,-33.13658409,-0.602988974,15.38939474,15.42971091,11.57963397,-7.659837703,-0.139386657,-0.403553948,0.734,-1.693837249,33.43712908,-16.03617415
Galaxea fascicularis,G2-1,45570,light,27,25,34.5,0.38,0.541666667,0.666666667,4.144760813,7.926548598,7.923326747,8.020293113,-0.090522664,-0.007280087,2265.196363,2251.748632,2217.05332,61.590773,4.953303361,0.941127639,45.84100472,1.272087881,-24.63954004,-1.048612983,2033.237793,2022.368652,1938.805908,-177.9946289,-42.9444875,-1.312412303,15.38939474,15.42971091,11.60992421,-7.59925723,-0.232238391,-0.34602602,0.724,-1.882255277,21.20146468,-17.47688305
Galaxea fascicularis,G2-2,45570,light,27,25,34.5,0.38,0.541666667,0.666666667,4.144760813,7.926548598,7.923326747,8.022711045,-0.092940596,-0.007474544,2265.196363,2251.748632,2207.57699,71.06710369,5.715416554,1.085929145,45.84100472,1.272087881,-24.63954004,-1.048612983,2033.237793,2022.368652,1928.807495,-197.9914551,-47.76909067,-1.459855407,15.38939474,15.42971091,11.47982083,-7.859463996,-0.240190484,-0.358940257,0.74,-2.171858291,21.20146468,-17.47688305
Galaxea fascicularis,G2-3,45570,light,27,25,34.5,0.38,0.541666667,0.666666667,4.144760813,7.926548598,7.923326747,8.023802701,-0.094032252,-0.007562338,2265.196363,2251.748632,2213.354693,65.28940024,5.250757377,0.997643902,45.84100472,1.272087881,-24.63954004,-1.048612983,2033.237793,2022.368652,1933.468506,-188.6694336,-45.51998104,-1.39112111,15.38939474,15.42971091,11.4758929,-7.867319845,-0.240430564,-0.346051817,0.725,-1.995287803,21.20146468,-17.47688305
Galaxea fascicularis,G3-1,45570,light,27,25,34.5,0.38,0.541666667,0.666666667,7.86728884,7.926548598,7.923326747,7.983805002,-0.054034554,-0.002289419,2265.196363,2251.748632,2157.865468,120.778625,5.117333619,0.972293388,51.35617702,1.602998219,-24.63954004,-1.023383044,2033.237793,2022.368652,1904.338867,-246.9287109,-31.38676054,-0.505340075,15.38939474,15.42971091,12.49855167,-5.822002315,-0.093736691,-0.489123458,0.722,-1.944586775,26.71663699,-17.05638406
Galaxea fascicularis,G3-2,45570,light,27,25,34.5,0.38,0.541666667,0.666666667,7.86728884,7.926548598,7.923326747,7.985995041,-0.056224592,-0.00238221,2265.196363,2251.748632,2155.49153,123.1525636,5.217916282,0.991404094,51.35617702,1.602998219,-24.63954004,-1.023383044,2033.237793,2022.368652,1901.004639,-253.597168,-32.23437872,-0.518987085,15.38939474,15.42971091,12.40844084,-6.002223966,-0.096638336,-0.485622787,0.731,-1.982808187,26.71663699,-17.05638406
Galaxea fascicularis,G3-3,45570,light,27,25,34.5,0.38,0.541666667,0.666666667,7.86728884,7.926548598,7.923326747,7.985578859,-0.05580841,-0.002364576,2265.196363,2251.748632,2161.905309,116.7387841,4.946167456,0.939771817,51.35617702,1.602998219,-24.63954004,-1.023383044,2033.237793,2022.368652,1907.119873,-241.3666992,-30.67978107,-0.493957408,15.38939474,15.42971091,12.46132798,-5.896449695,-0.094935326,-0.483657375,0.726,-1.879543633,26.71663699,-17.05638406
Porites lutea,P1-1,45570,light,27,25,33.5,0.38,0.666666667,0.791666667,4.368,7.985579586,7.98150668,8.071874827,-0.082222335,-0.006274598,2285.997107,2291.64196,2207.748661,72.60359348,5.540567268,1.052707781,78.56856685,2.675137363,-33.98294414,-2.365212912,2021.202759,2028.629639,1900.779663,-248.2730713,-56.8390731,-1.648263719,13.20674232,13.39111619,9.986572757,-6.624713001,-0.192108588,-0.292434428,0.68,-2.105415562,44.58562271,-39.4202152
Porites lutea,P1-2,45570,light,27,25,33.5,0.38,0.666666667,0.791666667,4.368,7.985579586,7.98150668,8.072168278,-0.082515786,-0.006296992,2285.997107,2291.64196,2236.50467,43.84758376,3.346122082,0.635763196,78.56856685,2.675137363,-33.98294414,-2.365212912,2021.202759,2028.629639,1926.56897,-196.694458,-45.03078251,-1.30583771,13.20674232,13.39111619,10.11448844,-6.368881637,-0.184689791,-0.222922314,0.699,-1.271526391,44.58562271,-39.4202152
Porites lutea,P1-3,45570,light,27,25,33.5,0.38,0.666666667,0.791666667,4.368,7.985579586,7.98150668,8.071371761,-0.081719269,-0.006236208,2285.997107,2291.64196,2234.836073,45.51618089,3.473457028,0.659956835,78.56856685,2.675137363,-33.98294414,-2.365212912,2021.202759,2028.629639,1925.5354,-198.7615967,-45.50402854,-1.319561267,13.20674232,13.39111619,10.12961197,-6.338634573,-0.183812663,-0.228998869,0.667,-1.319913671,44.58562271,-39.4202152
Porites lutea,P2-1,45570,light,27,25,33.5,0.38,0.666666667,0.791666667,4.573,7.985579586,7.98150668,8.025495984,-0.035843492,-0.00261269,2285.997107,2291.64196,2212.353239,67.99901512,4.956557703,0.941745963,48.81915592,1.900830964,-17.13863984,-2.134539689,2021.202759,2028.629639,1931.606689,-186.6190186,-40.80888226,-1.130357552,13.20674232,13.39111619,11.41595344,-3.765951635,-0.104312386,-0.364373447,0.677,-1.883491927,31.68051607,-35.57566149
Porites lutea,P2-2,45570,light,27,25,33.5,0.38,0.666666667,0.791666667,4.573,7.985579586,7.98150668,8.028898654,-0.039246162,-0.002860716,2285.997107,2291.64196,2209.321726,71.0305279,5.17752955,0.983730615,48.81915592,1.900830964,-17.13863984,-2.134539689,2021.202759,2028.629639,1926.932739,-195.9669189,-42.85303279,-1.186978093,13.20674232,13.39111619,11.29087054,-4.016117432,-0.111241681,-0.362461829,0.675,-1.967461229,31.68051607,-35.57566149
Porites lutea,P2-3,45570,light,27,25,33.5,0.38,0.666666667,0.791666667,4.573,7.985579586,7.98150668,8.027882892,-0.0382304,-0.002786675,2285.997107,2291.64196,2217.647881,62.70437277,4.570622696,0.868418312,48.81915592,1.900830964,-17.13863984,-2.134539689,2021.202759,2028.629639,1935.092529,-179.6473389,-39.28435138,-1.088129858,13.20674232,13.39111619,11.36781551,-3.862227496,-0.106979113,-0.349041479,0.674,-1.736836625,31.68051607,-35.57566149
Porites lutea,P3-1,45570,light,27,25,33.5,0.38,0.666666667,0.791666667,7.966,7.985579586,7.98150668,8.00615462,-0.016502128,-0.000690523,2285.997107,2291.64196,2207.701231,72.65102341,3.040046171,0.577608773,50.98229977,1.66363294,-23.25508411,-1.395305046,2021.202759,2028.629639,1938.076416,-173.6795654,-21.80260676,-0.346681336,13.20674232,13.39111619,12.02624922,-2.545360081,-0.040473547,-0.418304958,0.698,-1.155217545,27.72721567,-23.25508411
Porites lutea,P3-2,45570,light,27,25,33.5,0.38,0.666666667,0.791666667,7.966,7.985579586,7.98150668,8.003546097,-0.013893605,-0.000581371,2285.997107,2291.64196,2205.585864,74.76638976,3.128562631,0.5944269,50.98229977,1.66363294,-23.25508411,-1.395305046,2021.202759,2028.629639,1937.566406,-174.699585,-21.9306534,-0.348717394,13.20674232,13.39111619,12.10221891,-2.393420694,-0.038057572,-0.427971193,0.688,-1.1888538,27.72721567,-23.25508411
Porites lutea,P3-3,45570,light,27,25,33.5,0.38,0.666666667,0.791666667,7.966,7.985579586,7.98150668,8.008224793,-0.018572301,-0.000777149,2285.997107,2291.64196,2214.907656,65.44459777,2.738496852,0.520314402,50.98229977,1.66363294,-23.25508411,-1.395305046,2021.202759,2028.629639,1943.536621,-162.7591553,-20.43172926,-0.324883133,13.20674232,13.39111619,11.99751273,-2.602833061,-0.04138742,-0.402094725,0.694,-1.040628804,27.72721567,-23.25508411
Acropora hyacinthus,A1-1,45570,dark,27,25,34.3,0.38,0.833333333,0.958333333,15.249,7.883928967,7.87909756,7.81674829,0.072012083,0.001574138,2223.962037,2222.738813,2208.641079,16.54418171,0.361645173,0.068712583,14.25093449,0.57003738,-4.750311496,-0.401829628,2015.821655,2016.980957,2032.244995,31.68737793,2.07799711,0.017260999,16.94940985,17.16167985,20.13704439,6.16299907,0.051193295,0.522106365,0.711,-0.137425166,9.500622992,-6.69716047
Acropora hyacinthus,A1-2,45570,dark,27,25,34.3,0.38,0.833333333,0.958333333,15.249,7.883928967,7.87909756,7.823620561,0.065139812,0.001423914,2223.962037,2222.738813,2209.793089,15.39217174,0.336462975,0.063927965,14.25093449,0.57003738,-4.750311496,-0.401829628,2015.821655,2016.980957,2030.295776,27.78894043,1.8223451,0.015137411,16.94940985,17.16167985,19.78421993,5.457350148,0.045331783,0.553895597,0.737,-0.127855931,9.500622992,-6.69716047
Acropora hyacinthus,A1-3,45570,dark,27,25,34.3,0.38,0.833333333,0.958333333,15.249,7.883928967,7.87909756,7.817126945,0.071633428,0.001565861,2223.962037,2222.738813,2207.465008,17.72025291,0.387353333,0.073597133,14.25093449,0.57003738,-4.750311496,-0.401829628,2015.821655,2016.980957,2030.964478,29.12634277,1.910049365,0.015865931,16.94940985,17.16167985,20.10584016,6.100590614,0.050674895,0.608392652,0.759,-0.147194266,9.500622992,-6.69716047
Acropora hyacinthus,A2-1,45570,dark,27,25,34.3,0.38,0.833333333,0.958333333,12.909,7.883928967,7.87909756,7.8418085,0.046951873,0.001212381,2223.962037,2222.738813,2212.428725,12.75653595,0.32939644,0.062585324,24.00941204,0.700964443,-12.32667131,-0.264931443,2015.821655,2016.980957,2024.618164,16.43371582,1.273043289,0.012491452,16.94940985,17.16167985,18.87346188,3.635834061,0.035675806,0.776241727,0.736,-0.125170647,11.68274072,-4.415524053
Acropora hyacinthus,A2-2,45570,dark,27,25,34.3,0.38,0.833333333,0.958333333,12.909,7.883928967,7.87909756,7.841203035,0.047557338,0.001228015,2223.962037,2222.738813,2218.185402,6.999858267,0.180748787,0.034342269,24.00941204,0.700964443,-12.32667131,-0.264931443,2015.821655,2016.980957,2030.32373,27.84484863,2.157010507,0.021165182,16.94940985,17.16167985,18.95462287,3.798156036,0.037268554,0.251387909,0.722,-0.068684539,11.68274072,-4.415524053
Acropora hyacinthus,A2-3,45570,dark,27,25,34.3,0.38,0.833333333,0.958333333,12.909,7.883928967,7.87909756,7.844722757,0.044037616,0.00113713,2223.962037,2222.738813,2209.596007,15.58925344,0.402542243,0.076483026,24.00941204,0.700964443,-12.32667131,-0.264931443,2015.821655,2016.980957,2020.621704,8.440795898,0.653869076,0.006415944,16.94940985,17.16167985,18.70265548,3.294221262,0.032323807,1.84689378,0.758,-0.152966052,11.68274072,-4.415524053
Acropora hyacinthus,A3-1,45570,dark,27,25,34.3,0.38,0.833333333,0.958333333,15.954,7.883928967,7.87909756,7.833015126,0.055745247,0.001164708,2223.962037,2222.738813,2203.772395,21.41286512,0.447387596,0.085003643,14.96098157,0.464460323,-7.219976182,-0.31708349,2015.821655,2016.980957,2020.412842,8.023071289,0.502887758,0.003992674,16.94940985,17.16167985,19.24257598,4.374062257,0.034727835,2.668911237,0.737,-0.170007286,7.74100539,-5.284724834
Acropora hyacinthus,A3-2,45570,dark,27,25,34.3,0.38,0.833333333,0.958333333,15.954,7.883928967,7.87909756,7.834879562,0.053880811,0.001125753,2223.962037,2222.738813,2200.248587,24.93667362,0.521011943,0.098992269,14.96098157,0.464460323,-7.219976182,-0.31708349,2015.821655,2016.980957,2016.248413,-0.305786133,-0.019166738,-0.000152174,16.94940985,17.16167985,19.1158352,4.120580692,0.03271532,-81.54939334,0.71,-0.197984538,7.74100539,-5.284724834
Acropora hyacinthus,A3-3,45570,dark,27,25,34.3,0.38,0.833333333,0.958333333,15.954,7.883928967,7.87909756,7.830095958,0.058664415,0.001225699,2223.962037,2222.738813,2203.309885,21.87537548,0.457051011,0.086839692,14.96098157,0.464460323,-7.219976182,-0.31708349,2015.821655,2016.980957,2021.28125,9.759887695,0.611751767,0.004856999,16.94940985,17.16167985,19.38827723,4.665464753,0.037041423,2.241355245,0.754,-0.173679384,7.74100539,-5.284724834
Pocillopora damicornis,D1-1,45573,dark,27,25,33.5,0.38,0.833333333,0.958333333,20.362546,7.987529295,7.989618856,7.905582275,0.07985746,0.001307261,2292.257738,2286.648488,2260.115353,37.7516342,0.617991388,0.117418364,17.36111111,0.467687075,-9.566326531,-0.420918367,2025.883423,2019.575806,2039.061157,32.66308594,1.604076717,0.009978273,13.17282751,13.0632301,16.25447085,6.27288409,0.039020922,1.155788962,0.718,-0.234836727,7.79478458,-7.015306122
Pocillopora damicornis,D1-2,45573,dark,27,25,33.5,0.38,0.833333333,0.958333333,10.917397,7.987529295,7.989618856,7.90685135,0.078588386,0.002399485,2292.257738,2286.648488,2264.701212,33.1657746,1.012627662,0.192399256,17.36111111,0.467687075,-9.566326531,-0.420918367,2025.883423,2019.575806,2042.70874,39.95825195,3.660053028,0.04246495,13.17282751,13.0632301,16.2326397,6.229221792,0.072273158,0.830010648,0.728,-0.384798512,7.79478458,-7.015306122
Pocillopora damicornis,D1-3,45573,dark,27,25,33.5,0.38,0.833333333,0.958333333,10.917397,7.987529295,7.989618856,7.912811583,0.072628152,0.002217505,2292.257738,2286.648488,2266.019486,31.84750034,0.972377706,0.184751764,17.36111111,0.467687075,-9.566326531,-0.420918367,2025.883423,2019.575806,2040.956421,36.45361328,3.339038901,0.038740455,13.17282751,13.0632301,15.98175244,5.727447265,0.066451431,0.873644544,0.725,-0.369503528,7.79478458,-7.015306122
Pocillopora damicornis,D2-1,45573,dark,27,25,33.5,0.38,0.833333333,0.958333333,10.917397,7.987529295,7.989618856,7.922374063,0.063065673,0.001925541,2292.257738,2286.648488,2280.105958,17.76102861,0.542285205,0.103034189,13.9266037,0.185064935,-10.84218811,-0.330873672,2025.883423,2019.575806,2049.233643,53.00805664,4.855375017,0.056333407,13.17282751,13.0632301,15.67159136,5.107125099,0.059254281,0.335062814,0.738,-0.206068378,3.084415584,-5.514561196
Pocillopora damicornis,D2-2,45573,dark,27,25,33.5,0.38,0.833333333,0.958333333,12.800849,7.987529295,7.989618856,7.929022198,0.056417537,0.001469109,2292.257738,2286.648488,2275.594375,22.27261224,0.579977475,0.11019572,13.9266037,0.185064935,-10.84218811,-0.330873672,2025.883423,2019.575806,2041.636963,37.81469727,2.954077285,0.029231118,13.17282751,13.0632301,15.35855366,4.481049703,0.04434078,0.588993536,0.727,-0.22039144,3.084415584,-5.514561196
Pocillopora damicornis,D2-3,45573,dark,27,25,33.5,0.38,0.833333333,0.958333333,12.800849,7.987529295,7.989618856,7.939585805,0.04585393,0.001194034,2292.257738,2286.648488,2283.123215,14.74377189,0.383926928,0.072946116,13.9266037,0.185064935,-10.84218811,-0.330873672,2025.883423,2019.575806,2043.164063,40.86889648,3.192670774,0.031592042,13.17282751,13.0632301,14.97257717,3.709096729,0.036702169,0.360757768,0.733,-0.145892233,3.084415584,-5.514561196
Pocillopora damicornis,D3-1,45573,dark,27,25,33.5,0.38,0.833333333,0.958333333,12.800849,7.987529295,7.989618856,7.948529213,0.036910522,0.000961148,2292.257738,2286.648488,2290.770483,7.096503921,0.184792533,0.035110581,24.25909941,0.543267156,-15.20464681,-0.594518774,2025.883423,2019.575806,2045.561768,45.66430664,3.567287345,0.03529894,13.17282751,13.0632301,14.66070305,3.085348483,0.030530069,0.155405927,0.728,-0.070221162,9.054452597,-9.908646238
Pocillopora damicornis,D3-2,45573,dark,27,25,33.5,0.38,0.833333333,0.958333333,16.452046,7.987529295,7.989618856,7.953597722,0.031842013,0.000645148,2292.257738,2286.648488,2286.484468,11.38251917,0.230620134,0.043817826,24.25909941,0.543267156,-15.20464681,-0.594518774,2025.883423,2019.575806,2038.914917,32.37060547,1.967573241,0.015148629,13.17282751,13.0632301,14.42995202,2.623846419,0.020201371,0.351631334,0.746,-0.087635651,9.054452597,-9.908646238
Pocillopora damicornis,D3-3,45573,dark,27,25,33.5,0.38,0.833333333,0.958333333,16.452046,7.987529295,7.989618856,7.94915211,0.036287625,0.00073522,2292.257738,2286.648488,2285.111803,12.7551839,0.258431563,0.049101997,24.25909941,0.543267156,-15.20464681,-0.594518774,2025.883423,2019.575806,2039.994385,34.52954102,2.098799202,0.016158957,13.17282751,13.0632301,14.5981747,2.96029178,0.022791712,0.369399173,0.727,-0.098203994,9.054452597,-9.908646238
Galaxea fascicularis,G1-1,45573,dark,27,25,33.1,0.38,0.958333333,0.083333333,6.960824879,7.973624351,7.963950096,7.863546891,0.119751715,0.005734556,2252.800985,2250.146697,2214.357683,41.09759065,1.968042167,0.373928012,60.05035427,2.006227745,-26.61322519,-0.962170449,1997.139038,1999.848022,2016.435791,35.88452148,5.155211071,0.093809773,13.44568852,13.793045,17.82410781,8.409482092,0.153027994,1.145273476,0.733,-0.747856024,33.43712908,-16.03617415
Galaxea fascicularis,G1-2,45573,dark,27,25,33.1,0.38,0.958333333,0.083333333,6.960824879,7.973624351,7.963950096,7.868818039,0.114480567,0.005482136,2252.800985,2250.146697,2205.933151,49.52212203,2.37146808,0.450578935,60.05035427,2.006227745,-26.61322519,-0.962170449,1997.139038,1999.848022,2006.060425,15.13378906,2.174137308,0.039562944,13.44568852,13.793045,17.50480844,7.770883361,0.141407363,3.272288376,0.731,-0.90115787,33.43712908,-16.03617415
Galaxea fascicularis,G1-3,45573,dark,27,25,33.1,0.38,0.958333333,0.083333333,6.960824879,7.973624351,7.963950096,7.867057666,0.116240939,0.005566435,2252.800985,2250.146697,2205.99666,49.45861317,2.368426828,0.450001097,60.05035427,2.006227745,-26.61322519,-0.962170449,1997.139038,1999.848022,2006.941895,16.89672852,2.42740319,0.044171643,13.44568852,13.793045,17.58822154,7.937709556,0.144443112,2.927111785,0.734,-0.900002195,33.43712908,-16.03617415
Galaxea fascicularis,G2-1,45573,dark,27,25,33.1,0.38,0.958333333,0.083333333,4.144760813,7.973624351,7.963950096,7.892541855,0.090756751,0.007298913,2252.800985,2250.146697,2233.4164,22.03887349,1.772428252,0.336761368,45.84100472,1.272087881,-24.63954004,-1.048612983,1997.139038,1999.848022,2020.52063,44.05419922,10.62888818,0.324825942,13.44568852,13.793045,16.63274648,6.026759424,0.184181805,0.500267259,0.724,-0.673522736,21.20146468,-17.47688305
Galaxea fascicularis,G2-2,45573,dark,27,25,33.1,0.38,0.958333333,0.083333333,4.144760813,7.973624351,7.963950096,7.898817258,0.084481347,0.006794228,2252.800985,2250.146697,2232.674939,22.78033387,1.832058583,0.348091131,45.84100472,1.272087881,-24.63954004,-1.048612983,1997.139038,1999.848022,2016.772461,36.55786133,8.820258389,0.269553004,13.44568852,13.793045,16.34725609,5.455778658,0.16673225,0.623130923,0.74,-0.696182262,21.20146468,-17.47688305
Galaxea fascicularis,G2-3,45573,dark,27,25,33.1,0.38,0.958333333,0.083333333,4.144760813,7.973624351,7.963950096,7.897632953,0.085665653,0.006889473,2252.800985,2250.146697,2236.574373,18.88089969,1.518455109,0.288506471,45.84100472,1.272087881,-24.63954004,-1.048612983,1997.139038,1999.848022,2020.994385,45.00170898,10.85749239,0.33181224,13.44568852,13.793045,16.42934334,5.619953146,0.171749532,0.419559615,0.725,-0.577012941,21.20146468,-17.47688305
Galaxea fascicularis,G3-1,45573,dark,27,25,33.1,0.38,0.958333333,0.083333333,7.86728884,7.973624351,7.963950096,7.807765398,0.175533208,0.00743726,2252.800985,2250.146697,2163.470073,91.98519974,3.897369713,0.740500245,51.35617702,1.602998219,-24.63954004,-1.023383044,1997.139038,1999.848022,1993.336914,-10.31323242,-1.310900443,-0.02110605,13.44568852,13.793045,20.18726115,13.13578878,0.211491737,-8.919143482,0.722,-1.481000491,26.71663699,-17.05638406
Galaxea fascicularis,G3-2,45573,dark,27,25,33.1,0.38,0.958333333,0.083333333,7.86728884,7.973624351,7.963950096,7.806370134,0.176928471,0.007496376,2252.800985,2250.146697,2163.116297,92.3389762,3.912359055,0.743348221,51.35617702,1.602998219,-24.63954004,-1.023383044,1997.139038,1999.848022,1993.599609,-9.787841797,-1.24411878,-0.020030837,13.44568852,13.793045,20.25841466,13.27809579,0.213782939,-9.434048702,0.731,-1.486696441,26.71663699,-17.05638406
Galaxea fascicularis,G3-3,45573,dark,27,25,33.1,0.38,0.958333333,0.083333333,7.86728884,7.973624351,7.963950096,7.808701989,0.174596617,0.007397577,2252.800985,2250.146697,2159.379913,96.0753604,4.070667899,0.773426901,51.35617702,1.602998219,-24.63954004,-1.023383044,1997.139038,1999.848022,1989.055664,-18.87573242,-2.399267754,-0.038629222,13.44568852,13.793045,20.09815623,12.95757893,0.208622483,-5.089887812,0.726,-1.546853802,26.71663699,-17.05638406
Porites lutea,P1-1,45574,dark,27,25,33.5,0.38,0.083333333,0.208333333,4.368,7.932789139,7.927072048,7.808643929,0.1298623,0.009910127,2241.227019,2244.862282,2230.620031,6.971725154,0.532030308,0.101085758,78.56856685,2.675137363,-33.98294414,-2.365212912,2007.78479,2014.068481,2056.642578,91.43188477,20.93220805,0.607008475,14.96352063,15.22454614,20.78401545,11.37996413,0.330005065,0.076250481,0.68,-0.202171517,44.58562271,-39.4202152
Porites lutea,P1-2,45574,dark,27,25,33.5,0.38,0.083333333,0.208333333,4.368,7.932789139,7.927072048,7.812567438,0.125938791,0.009610714,2241.227019,2244.862282,2232.185315,5.406441338,0.412579467,0.078390099,78.56856685,2.675137363,-33.98294414,-2.365212912,2007.78479,2014.068481,2056.397217,90.94116211,20.81986312,0.603750609,14.96352063,15.22454614,20.58445445,10.98084213,0.318431014,0.059449882,0.699,-0.156780198,44.58562271,-39.4202152
Porites lutea,P1-3,45574,dark,27,25,33.5,0.38,0.083333333,0.208333333,4.368,7.932789139,7.927072048,7.814160234,0.124345995,0.009489163,2241.227019,2244.862282,2232.147032,5.444724716,0.41550097,0.078945184,78.56856685,2.675137363,-33.98294414,-2.365212912,2007.78479,2014.068481,2055.65625,89.45922852,20.48059261,0.593912179,14.96352063,15.22454614,20.49754006,10.80701335,0.313390192,0.060862639,0.667,-0.157890369,44.58562271,-39.4202152
Porites lutea,P2-1,45574,dark,27,25,33.5,0.38,0.083333333,0.208333333,4.573,7.932789139,7.927072048,7.771246747,0.167259483,0.012191813,2241.227019,2244.862282,2196.29367,41.2980867,3.010284037,0.571953967,48.81915592,1.900830964,-17.13863984,-2.134539689,2007.78479,2014.068481,2040.000366,58.14746094,12.71538617,0.352201089,14.96352063,15.22454614,22.56940743,14.95074809,0.414117959,0.710230267,0.677,-1.143907934,31.68051607,-35.57566149
Porites lutea,P2-2,45574,dark,27,25,33.5,0.38,0.083333333,0.208333333,4.573,7.932789139,7.927072048,7.782249749,0.15625648,0.011389786,2241.227019,2244.862282,2207.533374,30.05838268,2.191003913,0.416290743,48.81915592,1.900830964,-17.13863984,-2.134539689,2007.78479,2014.068481,2046.091309,70.3293457,15.37925775,0.425987167,14.96352063,15.22454614,22.04294263,13.89781849,0.38495306,0.427394601,0.675,-0.832581487,31.68051607,-35.57566149
Porites lutea,P2-3,45574,dark,27,25,33.5,0.38,0.083333333,0.208333333,4.573,7.932789139,7.927072048,7.785188922,0.153317307,0.011175545,2241.227019,2244.862282,2193.014476,44.57728009,3.249309723,0.617368847,48.81915592,1.900830964,-17.13863984,-2.134539689,2007.78479,2014.068481,2031.025269,40.19726563,8.790130248,0.243476164,14.96352063,15.22454614,21.72564001,13.26321325,0.367375249,1.108962995,0.674,-1.234737695,31.68051607,-35.57566149
Porites lutea,P3-1,45574,dark,27,25,33.5,0.38,0.083333333,0.208333333,7.966,7.932789139,7.927072048,7.763919507,0.174586722,0.007305495,2241.227019,2244.862282,2211.77612,25.81563601,1.080242531,0.205246081,50.98229977,1.66363294,-23.25508411,-1.395305046,2007.78479,2014.068481,2057.82373,93.79418945,11.77431452,0.187222341,14.96352063,15.22454614,23.17267978,16.15729278,0.256915694,0.27523705,0.698,-0.410492162,27.72721567,-23.25508411
Porites lutea,P3-2,45574,dark,27,25,33.5,0.38,0.083333333,0.208333333,7.966,7.932789139,7.927072048,7.771572543,0.166933686,0.006985258,2241.227019,2244.862282,2202.104557,35.48719967,1.484944333,0.282139423,50.98229977,1.66363294,-23.25508411,-1.395305046,2007.78479,2014.068481,2045.406738,68.96020508,8.656817107,0.137651289,14.96352063,15.22454614,22.61143616,15.03480556,0.239067123,0.514604033,0.688,-0.564278847,27.72721567,-23.25508411
Porites lutea,P3-3,45574,dark,27,25,33.5,0.38,0.083333333,0.208333333,7.966,7.932789139,7.927072048,7.770929818,0.167576411,0.007012152,2241.227019,2244.862282,2202.314392,35.2773644,1.47616388,0.280471137,50.98229977,1.66363294,-23.25508411,-1.395305046,2007.78479,2014.068481,2045.875366,69.89746094,8.774474132,0.139522143,14.96352063,15.22454614,22.6517384,15.11541003,0.240348808,0.504701658,0.694,-0.560942274,27.72721567,-23.25508411
Acropora hyacinthus,A1-1,45571,light,31,25,34.1,0.38,0.291666667,0.416666667,14.244,7.855272669,7.848840889,7.950103445,-0.088398996,-0.002068684,2234.808493,2232.279781,2245.744169,-8.406964228,-0.196736971,-0.037380024,22.42610924,0.565237995,-13.00547599,-0.925389638,2039.522339,2040.117554,2003.052246,-73.53540039,-5.162552681,-0.045908687,18.39705376,18.69410478,14.29994169,-8.491275166,-0.075509795,0.114325402,0.702,0.074760049,9.420633249,-15.42316063
Acropora hyacinthus,A1-2,45571,light,31,25,34.1,0.38,0.291666667,0.416666667,14.244,7.855272669,7.848840889,7.949597828,-0.087893379,-0.002056852,2234.808493,2232.279781,2248.007929,-10.67072422,-0.249712726,-0.047445418,22.42610924,0.565237995,-13.00547599,-0.925389638,2039.522339,2040.117554,2005.410889,-68.81811523,-4.831375683,-0.042963652,18.39705376,18.69410478,14.33479135,-8.421575843,-0.074889985,0.155056909,0.711,0.094890836,9.420633249,-15.42316063
Acropora hyacinthus,A1-3,45571,light,31,25,34.1,0.38,0.291666667,0.416666667,14.244,7.855272669,7.848840889,7.950375169,-0.088670719,-0.002075043,2234.808493,2232.279781,2228.370209,8.966995651,0.209842639,0.039870101,22.42610924,0.565237995,-13.00547599,-0.925389638,2039.522339,2040.117554,1986.829346,-105.9812012,-7.440410079,-0.066164837,18.39705376,18.69410478,14.17453816,-8.742082227,-0.07774013,-0.084609304,0.713,-0.079740203,9.420633249,-15.42316063
Acropora hyacinthus,A2-1,45571,light,31,25,34.1,0.38,0.291666667,0.416666667,16.524,7.855272669,7.848840889,7.953398356,-0.091693907,-0.001849712,2234.808493,2232.279781,2237.141008,0.196196758,0.003957814,0.000751985,9.62993222,0.206971678,-6.18040426,-0.81495098,2039.522339,2040.117554,1993.374634,-92.890625,-5.621558037,-0.043092715,18.39705376,18.69410478,14.11465204,-8.861854459,-0.067931588,-0.002112127,0.718,-0.001503969,3.449527959,-13.58251634
Acropora hyacinthus,A2-2,45571,light,31,25,34.1,0.38,0.291666667,0.416666667,16.524,7.855272669,7.848840889,7.956913223,-0.095208773,-0.001920616,2234.808493,2232.279781,2241.69511,-4.35790573,-0.08791063,-0.01670302,9.62993222,0.206971678,-6.18040426,-0.81495098,2039.522339,2040.117554,1995.748779,-88.14233398,-5.334200798,-0.040889944,18.39705376,18.69410478,14.00833051,-9.074497517,-0.069561629,0.049441687,0.695,0.033406039,3.449527959,-13.58251634
Acropora hyacinthus,A2-3,45571,light,31,25,34.1,0.38,0.291666667,0.416666667,16.524,7.855272669,7.848840889,7.957803913,-0.096099464,-0.001938584,2234.808493,2232.279781,2235.748467,1.588737413,0.032049088,0.006089327,9.62993222,0.206971678,-6.18040426,-0.81495098,2039.522339,2040.117554,1989.7854,-100.0690918,-6.055984737,-0.046422864,18.39705376,18.69410478,13.93551834,-9.220121866,-0.070677929,-0.015876405,0.688,-0.012178654,3.449527959,-13.58251634
Acropora hyacinthus,A3-1,45571,light,31,25,34.1,0.38,0.291666667,0.416666667,10.647,7.855272669,7.848840889,8.001965811,-0.140261361,-0.004391264,2234.808493,2232.279781,2254.629023,-17.29181839,-0.541367471,-0.102859819,26.76810369,0.729430826,-14.61092326,-0.702662722,2039.522339,2040.117554,1983.368774,-112.9023438,-10.60414612,-0.126156837,18.39705376,18.69410478,12.43760182,-12.21595489,-0.145332421,0.153157302,0.709,0.205719639,12.15718043,-11.71104536
Acropora hyacinthus,A3-2,45571,light,31,25,34.1,0.38,0.291666667,0.416666667,10.647,7.855272669,7.848840889,8.010577032,-0.148872583,-0.004660862,2234.808493,2232.279781,2249.742598,-12.40539315,-0.38838462,-0.073793078,26.76810369,0.729430826,-14.61092326,-0.702662722,2039.522339,2040.117554,1974.104614,-131.4306641,-12.34438472,-0.146860342,18.39705376,18.69410478,12.11427255,-12.86261344,-0.153025676,0.094387358,0.707,0.147586156,12.15718043,-11.71104536
Acropora hyacinthus,A3-3,45571,light,31,25,34.1,0.38,0.291666667,0.416666667,10.647,7.855272669,7.848840889,8.008121542,-0.146417093,-0.004583986,2234.808493,2232.279781,2255.397016,-18.05981116,-0.565411576,-0.1074282,26.76810369,0.729430826,-14.61092326,-0.702662722,2039.522339,2040.117554,1980.649292,-118.3413086,-11.11499095,-0.132234325,18.39705376,18.69410478,12.2297793,-12.63159994,-0.150277323,0.152607837,0.678,0.214856399,12.15718043,-11.71104536
Pocillopora damicornis,D1-1,45571,light,31,25,33.5,0.38,0.416666667,0.541666667,8.691,7.973964892,7.969443249,8.02914749,-0.050660956,-0.001943043,2228.382499,2233.806366,2199.184696,23.77393619,0.911822045,0.173246189,26.09739961,0.57386952,-16.53290761,-0.721435968,1974.456421,1981.858154,1917.555298,-121.2039795,-13.94591871,-0.20325429,13.28167338,13.48287604,11.22885991,-4.306829606,-0.062769733,-0.196148149,0.73,-0.346492377,9.564492003,-12.0239328
Pocillopora damicornis,D1-2,45571,light,31,25,33.5,0.38,0.416666667,0.541666667,8.691,7.973964892,7.969443249,8.030220247,-0.051733712,-0.001984187,2228.382499,2233.806366,2204.034367,18.92426567,0.725818497,0.137905514,26.09739961,0.57386952,-16.53290761,-0.721435968,1974.456421,1981.858154,1921.37207,-113.5704346,-13.06759114,-0.190453137,13.28167338,13.48287604,11.22074485,-4.323059724,-0.063006278,-0.166630213,0.73,-0.275811029,9.564492003,-12.0239328
Pocillopora damicornis,D1-3,45571,light,31,25,33.5,0.38,0.416666667,0.541666667,8.691,7.973964892,7.969443249,8.032193958,-0.053707423,-0.002059887,2228.382499,2233.806366,2208.491572,14.46706064,0.554867512,0.105424827,26.09739961,0.57386952,-16.53290761,-0.721435968,1974.456421,1981.858154,1924.32019,-107.6741943,-12.38916055,-0.180565374,13.28167338,13.48287604,11.18201992,-4.400509588,-0.064135069,-0.13435959,0.716,-0.210849655,9.564492003,-12.0239328
Pocillopora damicornis,D2-1,45571,light,31,25,33.5,0.38,0.416666667,0.541666667,8.13,7.973964892,7.969443249,8.075018936,-0.096532401,-0.003957868,2228.382499,2233.806366,2198.421985,24.53664738,1.006012603,0.191142395,10.95479705,0.175276753,-8.033517835,-0.709870849,1974.456421,1981.858154,1890.510742,-175.2930908,-21.56126578,-0.33592788,13.28167338,13.48287604,9.853267296,-7.058014833,-0.109964971,-0.139974983,0.739,-0.382284789,2.921279213,-11.83118081
Pocillopora damicornis,D2-2,45571,light,31,25,33.5,0.38,0.416666667,0.541666667,8.13,7.973964892,7.969443249,8.07995992,-0.101473386,-0.00416045,2228.382499,2233.806366,2210.266897,12.69173575,0.520366369,0.09886961,10.95479705,0.175276753,-8.033517835,-0.709870849,1974.456421,1981.858154,1898.270996,-159.772583,-19.65222423,-0.306184715,13.28167338,13.48287604,9.769676846,-7.225195731,-0.112569675,-0.079436256,0.685,-0.19773922,2.921279213,-11.83118081
Pocillopora damicornis,D2-3,45571,light,31,25,33.5,0.38,0.416666667,0.541666667,8.13,7.973964892,7.969443249,8.072742841,-0.094256306,-0.003864547,2228.382499,2233.806366,2199.708987,23.24964527,0.953244989,0.181116548,10.95479705,0.175276753,-8.033517835,-0.709870849,1974.456421,1981.858154,1893.010864,-170.2928467,-20.9462296,-0.326345521,13.28167338,13.48287604,9.923766544,-6.917016337,-0.107768192,-0.136527433,0.701,-0.362233096,2.921279213,-11.83118081
Pocillopora damicornis,D3-1,45571,light,31,25,33.5,0.38,0.416666667,0.541666667,10.674,7.973964892,7.969443249,8.032956439,-0.054469904,-0.001701015,2228.382499,2233.806366,2203.521968,19.43666432,0.606978462,0.115325908,18.91277871,0.24697864,-14.79646805,-0.947863969,1974.456421,1981.858154,1919.365356,-117.5838623,-11.01591365,-0.130724102,13.28167338,13.48287604,11.13175823,-4.50103296,-0.053413045,-0.165300441,0.72,-0.230651816,4.116310661,-15.79773281
Pocillopora damicornis,D3-2,45571,light,31,25,33.5,0.38,0.416666667,0.541666667,10.674,7.973964892,7.969443249,8.032356292,-0.053869757,-0.001682273,2228.382499,2233.806366,2205.033793,17.92484001,0.559766411,0.106355618,18.91277871,0.24697864,-14.79646805,-0.947863969,1974.456421,1981.858154,1921.079956,-114.1546631,-10.69464709,-0.126911682,13.28167338,13.48287604,11.15861607,-4.447317287,-0.05277561,-0.157022407,0.719,-0.212711236,4.116310661,-15.79773281
Pocillopora damicornis,D3-3,45571,light,31,25,33.5,0.38,0.416666667,0.541666667,10.674,7.973964892,7.969443249,8.033544744,-0.05505821,-0.001719387,2228.382499,2233.806366,2208.851945,14.10668722,0.44053111,0.083700911,18.91277871,0.24697864,-14.79646805,-0.947863969,1974.456421,1981.858154,1923.885986,-108.5426025,-10.16887788,-0.120672463,13.28167338,13.48287604,11.14138489,-4.481779638,-0.053184569,-0.12996452,0.708,-0.167401822,4.116310661,-15.79773281
Galaxea fascicularis,G1-1,45571,light,31,25,33.6,0.38,0.541666667,0.666666667,4.522473595,7.960311746,7.949033858,8.061633097,-0.090043462,-0.006636741,2252.933747,2259.683989,2191.349359,54.83414735,4.041604386,0.767904833,94.52791509,3.607815426,-34.39765799,-1.402164074,2004.346558,2016.514771,1891.933472,-236.9943848,-52.40370779,-1.467737256,13.95004179,14.43440015,10.20282767,-7.978786606,-0.223472019,-0.231373192,0.709,-1.535809667,60.1302571,-23.36940123
Galaxea fascicularis,G1-2,45571,light,31,25,33.6,0.38,0.541666667,0.666666667,4.522473595,7.960311746,7.949033858,8.069708562,-0.098118928,-0.007231951,2252.933747,2259.683989,2179.464662,66.71884374,4.917577541,0.934339733,94.52791509,3.607815426,-34.39765799,-1.402164074,2004.346558,2016.514771,1876.502319,-267.8566895,-59.22791672,-1.65887155,13.95004179,14.43440015,9.913611936,-8.557218076,-0.239672884,-0.249084105,0.72,-1.868679465,60.1302571,-23.36940123
Galaxea fascicularis,G1-3,45571,light,31,25,33.6,0.38,0.541666667,0.666666667,4.522473595,7.960311746,7.949033858,8.069226456,-0.097636821,-0.007196417,2252.933747,2259.683989,2183.043219,63.14028735,4.653816547,0.884225144,94.52791509,3.607815426,-34.39765799,-1.402164074,2004.346558,2016.514771,1880.015991,-260.8293457,-57.67404502,-1.61535029,13.95004179,14.43440015,9.944397991,-8.495645965,-0.237948356,-0.24207509,0.739,-1.768450288,60.1302571,-23.36940123
Galaxea fascicularis,G2-1,45571,light,31,25,33.6,0.38,0.541666667,0.666666667,6.41288377,7.960311746,7.949033858,8.0632882,-0.091698565,-0.004766372,2252.933747,2259.683989,2169.8607,76.32280584,3.967159891,0.753760379,61.66297631,1.999880313,-28.33163776,-1.333253542,2004.346558,2016.514771,1871.535522,-277.7902832,-43.3175297,-0.855603702,13.95004179,14.43440015,10.05041547,-8.283611006,-0.163617092,-0.274749732,0.735,-1.507520759,33.33133855,-22.22089236
Galaxea fascicularis,G2-2,45571,light,31,25,33.6,0.38,0.541666667,0.666666667,6.41288377,7.960311746,7.949033858,8.066694825,-0.09510519,-0.004943444,2252.933747,2259.683989,2171.636061,74.54744521,3.874878962,0.736227003,61.66297631,1.999880313,-28.33163776,-1.333253542,2004.346558,2016.514771,1871.175537,-278.5102539,-43.42979912,-0.857821237,13.95004179,14.43440015,9.961672999,-8.461095949,-0.167122758,-0.267664993,0.722,-1.472454005,33.33133855,-22.22089236
Galaxea fascicularis,G2-3,45571,light,31,25,33.6,0.38,0.541666667,0.666666667,6.41288377,7.960311746,7.949033858,8.068064766,-0.096475131,-0.005014651,2252.933747,2259.683989,2168.860512,77.32299427,4.019148381,0.763638192,61.66297631,1.999880313,-28.33163776,-1.333253542,2004.346558,2016.514771,1867.875,-285.1113281,-44.4591448,-0.878152774,13.95004179,14.43440015,9.909468124,-8.5655057,-0.169185049,-0.271202813,0.743,-1.527276385,33.33133855,-22.22089236
Galaxea fascicularis,G3-1,45571,light,31,25,33.6,0.38,0.541666667,0.666666667,4.491056743,7.960311746,7.949033858,8.01932977,-0.047740135,-0.003543348,2252.933747,2259.683989,2177.452963,68.73054334,5.101289613,0.969245026,71.65629794,2.189351096,-35.16711301,-1.872053835,2004.346558,2016.514771,1903.184204,-214.4929199,-47.76001111,-1.347032949,13.95004179,14.43440015,11.42433237,-5.53577721,-0.156132173,-0.32043269,0.727,-1.938490053,36.48918493,-31.20089726
Galaxea fascicularis,G3-2,45571,light,31,25,33.6,0.38,0.541666667,0.666666667,4.491056743,7.960311746,7.949033858,8.019286654,-0.047697019,-0.003540148,2252.933747,2259.683989,2175.1369,71.04660624,5.273191464,1.001906378,71.65629794,2.189351096,-35.16711301,-1.872053835,2004.346558,2016.514771,1901.093018,-218.675293,-48.69127813,-1.373298591,13.95004179,14.43440015,11.41301489,-5.558412165,-0.156770573,-0.324895443,0.719,-2.003812756,36.48918493,-31.20089726
Galaxea fascicularis,G3-3,45571,light,31,25,33.6,0.38,0.541666667,0.666666667,4.491056743,7.960311746,7.949033858,8.022726872,-0.051137238,-0.003795487,2252.933747,2259.683989,2171.975763,74.20774358,5.507816076,1.046485054,71.65629794,2.189351096,-35.16711301,-1.872053835,2004.346558,2016.514771,1896.313477,-228.234375,-50.81974869,-1.433330402,13.95004179,14.43440015,11.28596244,-5.81251707,-0.163937399,-0.32513833,0.708,-2.092970109,36.48918493,-31.20089726
Porites lutea,P1-1,45571,light,31,25,34.6,0.38,0.666666667,0.791666667,2.309,7.898885525,7.891521915,7.99684957,-0.090600434,-0.013079318,2209.777785,2209.240072,2182.855172,27.46032519,3.964245011,0.753206552,68.91511477,1.481160676,-44.22910351,-1.66630576,1995.346558,1998.398193,1920.358154,-153.0284424,-66.27476933,-3.635688227,16.17084713,16.49199082,12.19819508,-8.266447781,-0.453479162,-0.179445891,0.677,-1.506413104,24.68601126,-27.77176267
Porites lutea,P1-2,45571,light,31,25,34.6,0.38,0.666666667,0.791666667,2.309,7.898885525,7.891521915,8.001411013,-0.095161878,-0.01373782,2209.777785,2209.240072,2180.704971,29.61052548,4.274653599,0.812184184,68.91511477,1.481160676,-44.22910351,-1.66630576,1995.346558,1998.398193,1915.928345,-161.8880615,-70.11176333,-3.846177287,16.17084713,16.49199082,12.03142534,-8.599987257,-0.471776405,-0.182907407,0.672,-1.624368368,24.68601126,-27.77176267
Porites lutea,P1-3,45571,light,31,25,34.6,0.38,0.666666667,0.791666667,2.309,7.898885525,7.891521915,8.000470128,-0.094220992,-0.013601991,2209.777785,2209.240072,2184.640973,25.67452419,3.706442066,0.704223993,68.91511477,1.481160676,-44.22910351,-1.66630576,1995.346558,1998.398193,1920.044067,-153.6566162,-66.54682382,-3.650612538,16.17084713,16.49199082,12.08581672,-8.491204503,-0.465808822,-0.167090262,0.657,-1.408447985,24.68601126,-27.77176267
Porites lutea,P2-1,45571,light,31,25,34.6,0.38,0.666666667,0.791666667,3.745,7.898885525,7.891521915,8.030688359,-0.124439223,-0.011076032,2209.777785,2209.240072,2161.332432,48.98306482,4.359863358,0.828374038,58.97863818,1.293724967,-37.41655541,-1.655206943,1995.346558,1998.398193,1882.209106,-229.3265381,-61.23539068,-2.071156961,16.17084713,16.49199082,10.97903325,-10.70477145,-0.362066146,-0.213595274,0.683,-1.656748076,21.56208278,-27.58678238
Porites lutea,P2-2,45571,light,31,25,34.6,0.38,0.666666667,0.791666667,3.745,7.898885525,7.891521915,8.02993664,-0.123687504,-0.011009124,2209.777785,2209.240072,2164.125391,46.1901062,4.111268909,0.781141093,58.97863818,1.293724967,-37.41655541,-1.655206943,1995.346558,1998.398193,1885.170166,-223.4044189,-59.65405045,-2.017671488,16.17084713,16.49199082,11.01721098,-10.62841599,-0.359483585,-0.206755562,0.655,-1.562282186,21.56208278,-27.58678238
Porites lutea,P2-3,45571,light,31,25,34.6,0.38,0.666666667,0.791666667,3.745,7.898885525,7.891521915,8.03008825,-0.123839114,-0.011022618,2209.777785,2209.240072,2161.421689,48.89380775,4.351918803,0.826864573,58.97863818,1.293724967,-37.41655541,-1.655206943,1995.346558,1998.398193,1882.622559,-228.4996338,-61.01458846,-2.063688795,16.17084713,16.49199082,10.99810771,-10.66662252,-0.36077584,-0.21397762,0.679,-1.653729145,21.56208278,-27.58678238
Porites lutea,P3-1,45571,light,31,25,34.6,0.38,0.666666667,0.791666667,5.062,7.898885525,7.891521915,7.919907756,-0.01365862,-0.000899422,2209.777785,2209.240072,2110.182712,100.1327847,6.593756401,1.252813716,64.98172659,1.140112604,-45.97984986,-2.252074279,1995.346558,1998.398193,1892.324951,-209.0948486,-41.30676583,-1.033621165,16.17084713,16.49199082,14.56022029,-3.542397371,-0.088641578,-0.478886904,0.655,-2.505627432,19.00187673,-37.53457132
Porites lutea,P3-2,45571,light,31,25,34.6,0.38,0.666666667,0.791666667,5.062,7.898885525,7.891521915,7.918653325,-0.012404189,-0.000816817,2209.777785,2209.240072,2095.805549,114.5099483,7.540494426,1.432693941,64.98172659,1.140112604,-45.97984986,-2.252074279,1995.346558,1998.398193,1879.541504,-234.6617432,-46.35751544,-1.160006313,16.17084713,16.49199082,14.50679016,-3.649257618,-0.091315547,-0.487978768,0.671,-2.865387882,19.00187673,-37.53457132
Porites lutea,P3-3,45571,light,31,25,34.6,0.38,0.666666667,0.791666667,5.062,7.898885525,7.891521915,7.921704836,-0.015455701,-0.00101776,2209.777785,2209.240072,2106.140636,104.1748608,6.859927616,1.303386247,64.98172659,1.140112604,-45.97984986,-2.252074279,1995.346558,1998.398193,1887.700195,-218.3443604,-43.13401034,-1.079344392,16.17084713,16.49199082,14.46019417,-3.742449604,-0.093647494,-0.47711267,0.665,-2.606772494,19.00187673,-37.53457132
Acropora hyacinthus,A1-1,45571,dark,31,25,35.4,0.38,0.833333333,0.958333333,14.244,7.828412568,7.829004044,7.760276989,0.067544104,0.001580645,2218.068691,2211.406053,2210.575825,14.15550426,0.331262386,0.062939853,22.42610924,0.565237995,-13.00547599,-0.925389638,2035.985229,2029.421997,2058.187012,50.96679688,3.578123903,0.031818943,19.60955474,19.51821136,23.38119293,7.634619773,0.067891873,0.277739727,0.702,-0.125879707,9.420633249,-15.42316063
Acropora hyacinthus,A1-2,45571,dark,31,25,35.4,0.38,0.833333333,0.958333333,14.244,7.828412568,7.829004044,7.769211021,0.058610072,0.001371573,2218.068691,2211.406053,2204.624829,20.10650077,0.470525619,0.089399868,22.42610924,0.565237995,-13.00547599,-0.925389638,2035.985229,2029.421997,2048.796143,32.18505859,2.259551993,0.020093367,19.60955474,19.51821136,22.77838987,6.429013654,0.05717086,0.624715369,0.711,-0.178799735,9.420633249,-15.42316063
Acropora hyacinthus,A1-3,45571,dark,31,25,35.4,0.38,0.833333333,0.958333333,14.244,7.828412568,7.829004044,7.7626601,0.065160993,0.001524876,2218.068691,2211.406053,2201.176481,23.5548487,0.551222707,0.104732314,22.42610924,0.565237995,-13.00547599,-0.925389638,2035.985229,2029.421997,2048.223633,31.04003906,2.179165899,0.019378523,19.60955474,19.51821136,23.13471532,7.141664541,0.063508203,0.758853707,0.713,-0.209464629,9.420633249,-15.42316063
Acropora hyacinthus,A2-1,45571,dark,31,25,35.4,0.38,0.833333333,0.958333333,16.524,7.828412568,7.829004044,7.733639638,0.094181455,0.001899892,2218.068691,2211.406053,2207.264929,17.46640037,0.352344073,0.066945374,9.62993222,0.206971678,-6.18040426,-0.81495098,2035.985229,2029.421997,2065.868164,66.32910156,4.014106848,0.030770608,19.60955474,19.51821136,25.02138748,10.91500886,0.083670285,0.263329368,0.718,-0.133890748,3.449527959,-13.58251634
Acropora hyacinthus,A2-2,45571,dark,31,25,35.4,0.38,0.833333333,0.958333333,16.524,7.828412568,7.829004044,7.739117541,0.088703552,0.001789388,2218.068691,2211.406053,2216.656045,8.075284854,0.162900122,0.030951023,9.62993222,0.206971678,-6.18040426,-0.81495098,2035.985229,2029.421997,2072.663574,79.91992188,4.836596579,0.0370755,19.60955474,19.51821136,24.77557514,10.42338418,0.079901678,0.101042202,0.695,-0.061902046,3.449527959,-13.58251634
Acropora hyacinthus,A2-3,45571,dark,31,25,35.4,0.38,0.833333333,0.958333333,16.524,7.828412568,7.829004044,7.742423416,0.085397677,0.0017227,2218.068691,2211.406053,2210.586881,14.14444893,0.285331415,0.054212969,9.62993222,0.206971678,-6.18040426,-0.81495098,2035.985229,2029.421997,2065.509033,65.61083984,3.970639061,0.030437401,19.60955474,19.51821136,24.49467013,9.861574169,0.075595057,0.215580977,0.688,-0.108425938,3.449527959,-13.58251634
Acropora hyacinthus,A3-1,45571,dark,31,25,35.4,0.38,0.833333333,0.958333333,10.647,7.828412568,7.829004044,7.747521953,0.08029914,0.002513983,2218.068691,2211.406053,2218.405261,6.326068624,0.198054808,0.037630414,26.76810369,0.729430826,-14.61092326,-0.702662722,2035.985229,2029.421997,2070.919189,76.43115234,7.17865618,0.085404006,19.60955474,19.51821136,24.25957005,9.391374013,0.111728566,0.082768196,0.709,-0.075260827,12.15718043,-11.71104536
Acropora hyacinthus,A3-2,45571,dark,31,25,35.4,0.38,0.833333333,0.958333333,10.647,7.828412568,7.829004044,7.763180447,0.064640646,0.002023751,2218.068691,2211.406053,2210.261003,14.47032662,0.453032986,0.086076267,26.76810369,0.729430826,-14.61092326,-0.702662722,2035.985229,2029.421997,2056.683838,47.96044922,4.504597466,0.053590903,19.60955474,19.51821136,23.20115556,7.274545033,0.086544789,0.301713742,0.707,-0.172152535,12.15718043,-11.71104536
Acropora hyacinthus,A3-3,45571,dark,31,25,35.4,0.38,0.833333333,0.958333333,10.647,7.828412568,7.829004044,7.758678176,0.069142917,0.002164707,2218.068691,2211.406053,2213.624134,11.10719552,0.347741007,0.066070791,26.76810369,0.729430826,-14.61092326,-0.702662722,2035.985229,2029.421997,2061.760498,58.11376953,5.458229504,0.064936201,19.60955474,19.51821136,23.51220531,7.89664453,0.093945866,0.191128464,0.678,-0.132141583,12.15718043,-11.71104536
Pocillopora damicornis,D1-1,45574,dark,31,25,33.8,0.38,0.833333333,0.958333333,8.691,7.897035108,7.895834865,7.824104655,0.074130696,0.002843198,2165.490604,2184.242631,2163.145568,-16.40699183,-0.629271347,-0.119561556,26.09739961,0.57386952,-16.53290761,-0.721435968,1954.852173,1972.952881,1985.949463,44.09387207,5.073509616,0.073943683,15.91507897,16.11000381,19.32930554,6.63352829,0.096680119,-0.372092335,0.73,0.239123112,9.564492003,-12.0239328
Pocillopora damicornis,D1-2,45574,dark,31,25,33.8,0.38,0.833333333,0.958333333,8.691,7.897035108,7.895834865,7.828320522,0.069914829,0.002681503,2165.490604,2184.242631,2176.654625,-29.91604866,-1.147395722,-0.218005187,26.09739961,0.57386952,-16.53290761,-0.721435968,1954.852173,1972.952881,1996.872681,65.94030762,7.587194525,0.110579294,15.91507897,16.11000381,19.23715592,6.449229049,0.093994057,-0.45368379,0.73,0.436010374,9.564492003,-12.0239328
Pocillopora damicornis,D1-3,45574,dark,31,25,33.8,0.38,0.833333333,0.958333333,8.691,7.897035108,7.895834865,7.827447323,0.070788029,0.002714994,2165.490604,2184.242631,2177.05334,-30.31476386,-1.162687986,-0.220910717,26.09739961,0.57386952,-16.53290761,-0.721435968,1954.852173,1972.952881,1997.63501,67.46496582,7.762624073,0.113136085,15.91507897,16.11000381,19.28546164,6.545840492,0.095402117,-0.449340832,0.716,0.441821435,9.564492003,-12.0239328
Pocillopora damicornis,D2-1,45574,dark,31,25,33.8,0.38,0.833333333,0.958333333,8.13,7.897035108,7.895834865,7.817815173,0.080420179,0.00329726,2165.490604,2184.242631,2175.933105,-29.19452824,-1.196987628,-0.227427649,10.95479705,0.175276753,-8.033517835,-0.709870849,1954.852173,1972.952881,2000.800293,73.79553223,9.076941233,0.141420159,15.91507897,16.11000381,19.77409477,7.523106761,0.117211175,-0.395613764,0.739,0.454855299,2.921279213,-11.83118081
Pocillopora damicornis,D2-2,45574,dark,31,25,33.8,0.38,0.833333333,0.958333333,8.13,7.897035108,7.895834865,7.823793213,0.074442138,0.003052158,2165.490604,2184.242631,2173.714441,-26.975865,-1.106021525,-0.21014409,10.95479705,0.175276753,-8.033517835,-0.709870849,1954.852173,1972.952881,1996.084839,64.36462402,7.916927924,0.123346971,15.91507897,16.11000381,19.44268247,6.860282149,0.106884265,-0.419110115,0.685,0.42028818,2.921279213,-11.83118081
Pocillopora damicornis,D2-3,45574,dark,31,25,33.8,0.38,0.833333333,0.958333333,8.13,7.897035108,7.895834865,7.825648758,0.072586593,0.00297608,2165.490604,2184.242631,2172.378299,-25.63972318,-1.051239163,-0.199735441,10.95479705,0.175276753,-8.033517835,-0.709870849,1954.852173,1972.952881,1994.006104,60.20715332,7.405553914,0.115379684,15.91507897,16.11000381,19.33491786,6.644752934,0.103526286,-0.42585842,0.701,0.399470882,2.921279213,-11.83118081
Pocillopora damicornis,D3-1,45574,dark,31,25,33.8,0.38,0.833333333,0.958333333,10.674,7.897035108,7.895834865,7.782591989,0.115643362,0.003611372,2165.490604,2184.242631,2176.673585,-29.93500917,-0.934826343,-0.177617005,18.91277871,0.24697864,-14.79646805,-0.947863969,1954.852173,1972.952881,2016.562012,105.3189697,9.866869939,0.117088582,15.91507897,16.11000381,21.70686658,11.38865037,0.135147309,-0.284231884,0.72,0.355234011,4.116310661,-15.79773281
Pocillopora damicornis,D3-2,45574,dark,31,25,33.8,0.38,0.833333333,0.958333333,10.674,7.897035108,7.895834865,7.787176786,0.111058565,0.003468196,2165.490604,2184.242631,2189.017348,-42.27877191,-1.320303913,-0.250857744,18.91277871,0.24697864,-14.79646805,-0.947863969,1954.852173,1972.952881,2026.381226,124.9573975,11.70670765,0.138921645,15.91507897,16.11000381,21.57197804,11.1188733,0.131945908,-0.33834549,0.719,0.501715487,4.116310661,-15.79773281
Pocillopora damicornis,D3-3,45574,dark,31,25,33.8,0.38,0.833333333,0.958333333,10.674,7.897035108,7.895834865,7.786729316,0.111506036,0.00348217,2165.490604,2184.242631,2178.015245,-31.2766686,-0.976724396,-0.185577635,18.91277871,0.24697864,-14.79646805,-0.947863969,1954.852173,1972.952881,2016.10083,104.3966064,9.78045779,0.116063143,15.91507897,16.11000381,21.48577964,10.94647649,0.129900102,-0.299594687,0.708,0.37115527,4.116310661,-15.79773281
Galaxea fascicularis,G1-1,45575,dark,31,25,33.8,0.38,0.958333333,0.083333333,4.522473595,7.857233805,7.847715577,7.737067909,0.129684124,0.009558495,2212.663763,2215.451944,2205.139155,4.736426158,0.349102916,0.066329554,94.52791509,3.607815426,-34.39765799,-1.402164074,2017.772705,2024.776123,2062.452393,82.35595703,18.21037875,0.510041225,18.11373782,18.6046149,24.77522636,12.83209999,0.359404936,0.05751164,0.709,-0.132659108,60.1302571,-23.36940123
Galaxea fascicularis,G1-2,45575,dark,31,25,33.8,0.38,0.958333333,0.083333333,4.522473595,7.857233805,7.847715577,7.742154012,0.124598021,0.009183619,2212.663763,2215.451944,2199.268042,10.60753991,0.781839089,0.148549427,94.52791509,3.607815426,-34.39765799,-1.402164074,2017.772705,2024.776123,2054.775635,67.00244141,14.81544115,0.414954893,18.11373782,18.6046149,24.38316903,12.04798533,0.33744324,0.158315722,0.72,-0.297098854,60.1302571,-23.36940123
Galaxea fascicularis,G1-3,45575,dark,31,25,33.8,0.38,0.958333333,0.083333333,4.522473595,7.857233805,7.847715577,7.743712315,0.123039718,0.009068763,2212.663763,2215.451944,2192.636299,17.23928267,1.270638166,0.241421252,94.52791509,3.607815426,-34.39765799,-1.402164074,2017.772705,2024.776123,2047.794678,53.04052734,11.72821161,0.328486931,18.11373782,18.6046149,24.20946457,11.70057642,0.327712917,0.325020952,0.739,-0.482842503,60.1302571,-23.36940123
Galaxea fascicularis,G2-1,45575,dark,31,25,33.8,0.38,0.958333333,0.083333333,6.41288377,7.857233805,7.847715577,7.681227841,0.185524192,0.009643305,2212.663763,2215.451944,2156.040105,53.83547671,2.798297856,0.531676593,61.66297631,1.999880313,-28.33163776,-1.333253542,2017.772705,2024.776123,2036.839966,31.13110352,4.854462459,0.095884878,18.11373782,18.6046149,27.96479794,19.21124315,0.379458637,1.729314757,0.735,-1.063353185,33.33133855,-22.22089236
Galaxea fascicularis,G2-2,45575,dark,31,25,33.8,0.38,0.958333333,0.083333333,6.41288377,7.857233805,7.847715577,7.686902466,0.179849567,0.009348346,2212.663763,2215.451944,2172.491601,37.38398004,1.943170519,0.369202399,61.66297631,1.999880313,-28.33163776,-1.333253542,2017.772705,2024.776123,2050.598145,58.64746094,9.145255557,0.180636213,18.11373782,18.6046149,27.77533898,18.83232524,0.371974286,0.63743561,0.722,-0.738404797,33.33133855,-22.22089236
Galaxea fascicularis,G2-3,45575,dark,31,25,33.8,0.38,0.958333333,0.083333333,6.41288377,7.857233805,7.847715577,7.686882402,0.179869631,0.009349389,2212.663763,2215.451944,2158.568172,51.30740907,2.666892198,0.506709518,61.66297631,1.999880313,-28.33163776,-1.333253542,2017.772705,2024.776123,2037.163574,31.77832031,4.955386914,0.097878328,18.11373782,18.6046149,27.59468754,18.47102236,0.364837867,1.614541252,0.743,-1.013419035,33.33133855,-22.22089236
Galaxea fascicularis,G3-1,45575,dark,31,25,33.8,0.38,0.958333333,0.083333333,4.491056743,7.857233805,7.847715577,7.567180902,0.299571131,0.022234643,2212.663763,2215.451944,2182.114778,27.76080363,2.060450745,0.391485642,71.65629794,2.189351096,-35.16711301,-1.872053835,2017.772705,2024.776123,2102.832275,163.1157227,36.32012063,1.024379979,18.11373782,18.6046149,37.81096878,38.90358484,1.097244523,0.170190851,0.727,-0.782971283,36.48918493,-31.20089726
Galaxea fascicularis,G3-2,45575,dark,31,25,33.8,0.38,0.958333333,0.083333333,4.491056743,7.857233805,7.847715577,7.576760933,0.289991099,0.021523598,2212.663763,2215.451944,2168.644437,41.23114429,3.06024073,0.581445739,71.65629794,2.189351096,-35.16711301,-1.872053835,2017.772705,2024.776123,2086.359375,130.1699219,28.98425233,0.817477676,18.11373782,18.6046149,36.67981751,36.6412823,1.033438088,0.316748629,0.719,-1.162891477,36.48918493,-31.20089726
Galaxea fascicularis,G3-3,45575,dark,31,25,33.8,0.38,0.958333333,0.083333333,4.491056743,7.857233805,7.847715577,7.571689481,0.295062552,0.021900009,2212.663763,2215.451944,2178.395076,31.48050569,2.336532914,0.443941254,71.65629794,2.189351096,-35.16711301,-1.872053835,2017.772705,2024.776123,2097.645996,152.7431641,34.01051753,0.959239469,18.11373782,18.6046149,37.32040519,37.92245766,1.069572615,0.206100914,0.708,-0.887882507,36.48918493,-31.20089726
Porites lutea,P1-1,45575,dark,31,25,34.2,0.38,0.083333333,0.208333333,2.309,7.821846862,7.817858602,7.766096772,0.05973835,0.008623986,2140.163228,2158.695934,2148.079538,-26.44901531,-3.818249648,-0.725467433,68.91511477,1.481160676,-44.22910351,-1.66630576,1965.185669,1984.458008,1996.116943,42.59020996,18.44530531,1.011868921,19.23258981,19.61051191,22.36008808,5.877074443,0.322403391,-0.621011621,0.677,1.450934866,24.68601126,-27.77176267
Porites lutea,P1-2,45575,dark,31,25,34.2,0.38,0.083333333,0.208333333,2.309,7.821846862,7.817858602,7.770450539,0.055384584,0.007995465,2140.163228,2158.695934,2151.196676,-29.56615335,-4.268247922,-0.810967105,68.91511477,1.481160676,-44.22910351,-1.66630576,1965.185669,1984.458008,1997.3125,44.98132324,19.48086758,1.068677592,19.23258981,19.61051191,22.13965148,5.436201243,0.298218056,-0.657298435,0.672,1.62193421,24.68601126,-27.77176267
Porites lutea,P1-3,45575,dark,31,25,34.2,0.38,0.083333333,0.208333333,2.309,7.821846862,7.817858602,7.7704612,0.055373922,0.007993926,2140.163228,2158.695934,2151.590728,-29.96020522,-4.325134289,-0.821775515,68.91511477,1.481160676,-44.22910351,-1.66630576,1965.185669,1984.458008,1997.684082,45.7244873,19.80272296,1.086333871,19.23258981,19.61051191,22.14320875,5.443315789,0.298608344,-0.655233267,0.657,1.64355103,24.68601126,-27.77176267
Porites lutea,P2-1,45575,dark,31,25,34.2,0.38,0.083333333,0.208333333,3.745,7.821846862,7.817858602,7.691818761,0.134016362,0.01192847,2140.163228,2158.695934,2150.483595,-28.85307177,-2.568141679,-0.487946919,58.97863818,1.293724967,-37.41655541,-1.655206943,1965.185669,1984.458008,2027.504883,105.3660889,28.13513721,0.951611228,19.23258981,19.61051191,27.14229721,15.44149269,0.522275676,-0.273836412,0.683,0.975893838,21.56208278,-27.58678238
Porites lutea,P2-2,45575,dark,31,25,34.2,0.38,0.083333333,0.208333333,3.745,7.821846862,7.817858602,7.698259607,0.127575515,0.011355186,2140.163228,2158.695934,2148.290881,-26.66035781,-2.372973548,-0.450864974,58.97863818,1.293724967,-37.41655541,-1.655206943,1965.185669,1984.458008,2022.957642,96.27160645,25.70670399,0.869474634,19.23258981,19.61051191,26.66809931,14.4930969,0.490198204,-0.276928565,0.655,0.901729948,21.56208278,-27.58678238
Porites lutea,P2-3,45575,dark,31,25,34.2,0.38,0.083333333,0.208333333,3.745,7.821846862,7.817858602,7.698401118,0.127434004,0.011342591,2140.163228,2158.695934,2146.970366,-25.33984337,-2.255437772,-0.428533177,58.97863818,1.293724967,-37.41655541,-1.655206943,1965.185669,1984.458008,2021.63147,93.6192627,24.99846801,0.845520057,19.23258981,19.61051191,26.64163275,14.44016378,0.488407854,-0.270669119,0.679,0.857066354,21.56208278,-27.58678238
Porites lutea,P3-1,45575,dark,31,25,34.2,0.38,0.083333333,0.208333333,5.062,7.821846862,7.817858602,7.700233733,0.125601389,0.008270867,2140.163228,2158.695934,2151.215415,-29.58489211,-1.948168847,-0.370152081,64.98172659,1.140112604,-45.97984986,-2.252074279,1965.185669,1984.458008,2025.027344,100.4110107,19.83623286,0.496362998,19.23258981,19.61051191,26.56976933,14.29643695,0.357740421,-0.294637928,0.655,0.740304162,19.00187673,-37.53457132
Porites lutea,P3-2,45575,dark,31,25,34.2,0.38,0.083333333,0.208333333,5.062,7.821846862,7.817858602,7.70582925,0.120005872,0.007902402,2140.163228,2158.695934,2163.414806,-41.78428335,-2.751500286,-0.522785054,64.98172659,1.140112604,-45.97984986,-2.252074279,1965.185669,1984.458008,2034.64209,119.6405029,23.63502626,0.591420386,19.23258981,19.61051191,26.34124336,13.83938501,0.346303589,-0.349248643,0.671,1.045570109,19.00187673,-37.53457132
Porites lutea,P3-3,45575,dark,31,25,34.2,0.38,0.083333333,0.208333333,5.062,7.821846862,7.817858602,7.706117749,0.119717373,0.007883404,2140.163228,2158.695934,2152.541382,-30.91085961,-2.035483973,-0.386741955,64.98172659,1.140112604,-45.97984986,-2.252074279,1965.185669,1984.458008,2024.062012,98.48034668,19.45482945,0.486819122,19.23258981,19.61051191,26.18619802,13.52929433,0.338544175,-0.313878461,0.665,0.77348391,19.00187673,-37.53457132
Acropora hyacinthus,A1-1,45572,light,34,25,34.2,0.38,0.833333333,0.958333333,9.651,7.855971763,7.809231588,7.864194958,0.038516979,0.001330328,2224.517414,2225.843564,2234.25615,-11.06488659,-0.382167188,-0.072611766,5.906123718,-0.376515387,-12.18138017,-0.82685732,2029.511597,2051.854492,2034.835693,-11.69470215,-1.211760662,-0.015904019,18.27547345,20.70604801,17.95822059,-3.065080271,-0.040228318,0.946145224,0.515,0.145223531,-6.27525645,-13.78095534
Acropora hyacinthus,A1-2,45572,light,34,25,34.2,0.38,0.833333333,0.958333333,9.651,7.855971763,7.809231588,7.868958983,0.033752954,0.001165784,2224.517414,2225.843564,2230.637826,-7.446562279,-0.257194843,-0.04886702,5.906123718,-0.376515387,-12.18138017,-0.82685732,2029.511597,2051.854492,2029.19519,-22.97570801,-2.380655684,-0.031245438,18.27547345,20.70604801,17.70055411,-3.580413231,-0.046991919,0.324105889,0.529,0.09773404,-6.27525645,-13.78095534
Acropora hyacinthus,A1-3,45572,light,34,25,34.2,0.38,0.833333333,0.958333333,9.651,7.855971763,7.809231588,7.867292231,0.035419706,0.001223352,2224.517414,2225.843564,2231.366679,-8.17541554,-0.282368512,-0.053650017,5.906123718,-0.376515387,-12.18138017,-0.82685732,2029.511597,2051.854492,2030.664551,-20.0369873,-2.076156596,-0.027248973,18.27547345,20.70604801,17.78589025,-3.409740952,-0.044751893,0.408016206,0.508,0.107300035,-6.27525645,-13.78095534
Acropora hyacinthus,A2-1,45572,light,34,25,34.2,0.38,0.833333333,0.958333333,11.973,7.855971763,7.809231588,7.880632513,0.022079424,0.0006147,2224.517414,2225.843564,2230.755505,-7.564242099,-0.210591667,-0.040012417,2.975444751,-0.345151591,-8.727971269,-0.48202205,2029.511597,2051.854492,2023.763672,-33.83874512,-2.826254499,-0.029899961,18.27547345,20.70604801,17.1545894,-4.672342654,-0.049430391,0.223537902,0.503,0.080024834,-5.752526518,-8.033700827
Acropora hyacinthus,A2-2,45572,light,34,25,34.2,0.38,0.833333333,0.958333333,11.973,7.855971763,7.809231588,7.879663715,0.023048223,0.000641672,2224.517414,2225.843564,2233.654834,-10.46357037,-0.29131018,-0.055348934,2.975444751,-0.345151591,-8.727971269,-0.48202205,2029.511597,2051.854492,2026.944214,-27.47766113,-2.294968774,-0.024279299,18.27547345,20.70604801,17.22247241,-4.536576645,-0.047994073,0.380802803,0.522,0.110697869,-5.752526518,-8.033700827
Acropora hyacinthus,A2-3,45572,light,34,25,34.2,0.38,0.833333333,0.958333333,11.973,7.855971763,7.809231588,7.88068084,0.022031097,0.000613355,2224.517414,2225.843564,2236.548792,-13.35752904,-0.371879201,-0.070657048,2.975444751,-0.345151591,-8.727971269,-0.48202205,2029.511597,2051.854492,2029.170288,-23.0255127,-1.923119744,-0.020345374,18.27547345,20.70604801,17.19836285,-4.584795754,-0.048504201,0.580118637,0.517,0.141314097,-5.752526518,-8.033700827
Acropora hyacinthus,A3-1,45572,light,34,25,34.2,0.38,0.833333333,0.958333333,17.295,7.855971763,7.809231588,7.840368035,0.062343902,0.001201579,2224.517414,2225.843564,2230.934567,-7.74330373,-0.149239737,-0.02835555,3.158427291,-0.29661752,-8.102052616,-0.741543799,2029.511597,2051.854492,2042.733154,4.100219727,0.23707544,0.001736314,18.27547345,20.70604801,19.10937195,-0.762777551,-0.005586498,-1.888509457,0.519,0.0567111,-4.943625325,-12.35906331
Acropora hyacinthus,A3-2,45572,light,34,25,34.2,0.38,0.833333333,0.958333333,17.295,7.855971763,7.809231588,7.847419616,0.055292322,0.001065671,2224.517414,2225.843564,2222.143055,1.04820876,0.020202539,0.003838482,3.158427291,-0.29661752,-8.102052616,-0.741543799,2029.511597,2051.854492,2031.217773,-18.93054199,-1.094567331,-0.00801649,18.27547345,20.70604801,18.6772906,-1.626940261,-0.01191553,-0.055371302,0.521,-0.007676965,-4.943625325,-12.35906331
Acropora hyacinthus,A3-3,45572,light,34,25,34.2,0.38,0.833333333,0.958333333,17.295,7.855971763,7.809231588,7.846464329,0.056247609,0.001084082,2224.517414,2225.843564,2230.678632,-7.487368667,-0.144306999,-0.02741833,3.158427291,-0.29661752,-8.102052616,-0.741543799,2029.511597,2051.854492,2039.70166,-1.962768555,-0.11348763,-0.000831171,18.27547345,20.70604801,18.79913383,-1.383253807,-0.010130798,3.814697688,0.512,0.05483666,-4.943625325,-12.35906331
Pocillopora damicornis,D1-1,45572,light,34,25,33.2,0.38,0.416666667,0.541666667,11.658,7.878142638,7.866610415,7.895284201,-0.00560934,-0.000160386,2258.868899,2280.284202,2251.200539,-13.74694275,-0.393061782,-0.074681739,2.9539801,-0.378924344,-9.269385829,-0.531716418,2051.312744,2076.942871,2035.813843,-56.62792969,-4.857430922,-0.052777027,17.49476148,18.22165429,16.6458577,-2.424700373,-0.026344889,0.242759056,0.595,0.149363477,-6.31540573,-8.861940299
Pocillopora damicornis,D1-2,45572,light,34,25,33.2,0.38,0.416666667,0.541666667,11.658,7.878142638,7.866610415,7.903181756,-0.013506895,-0.000386198,2258.868899,2280.284202,2256.426359,-18.97276268,-0.54248192,-0.103071565,2.9539801,-0.378924344,-9.269385829,-0.531716418,2051.312744,2076.942871,2036.808716,-54.63818359,-4.686754468,-0.050922591,17.49476148,18.22165429,16.33296468,-3.050486405,-0.033144188,0.347243657,0.584,0.20614313,-6.31540573,-8.861940299
Pocillopora damicornis,D1-3,45572,light,34,25,33.2,0.38,0.416666667,0.541666667,11.658,7.878142638,7.866610415,7.897652041,-0.007977179,-0.000228089,2258.868899,2280.284202,2254.855987,-17.40239132,-0.497580812,-0.094540354,2.9539801,-0.378924344,-9.269385829,-0.531716418,2051.312744,2076.942871,2038.069336,-52.11694336,-4.470487507,-0.048572804,17.49476148,18.22165429,16.56737119,-2.581673391,-0.028050434,0.333910437,0.592,0.189080709,-6.31540573,-8.861940299
Pocillopora damicornis,D2-1,45572,light,34,25,33.2,0.38,0.416666667,0.541666667,8.028,7.878142638,7.866610415,7.906442111,-0.016767249,-0.000696199,2258.868899,2280.284202,2269.050136,-31.59653955,-1.311930724,-0.249266837,-7.543908819,-0.81651719,-6.064711011,-0.701139761,2051.312744,2076.942871,2046.970459,-34.31469727,-4.274376839,-0.067441588,17.49476148,18.22165429,16.28293846,-3.150538857,-0.049709548,0.920787361,0.568,0.498533675,-13.60861983,-11.68566268
Pocillopora damicornis,D2-2,45572,light,34,25,33.2,0.38,0.416666667,0.541666667,8.028,7.878142638,7.866610415,7.91066532,-0.020990459,-0.000871552,2258.868899,2280.284202,2262.619624,-25.16602808,-1.044927258,-0.198536179,-7.543908819,-0.81651719,-6.064711011,-0.701139761,2051.312744,2076.942871,2038.862549,-50.53051758,-6.294284701,-0.099311916,17.49476148,18.22165429,16.05022335,-3.615969061,-0.057053157,0.498036222,0.565,0.397072358,-13.60861983,-11.68566268
Pocillopora damicornis,D2-3,45572,light,34,25,33.2,0.38,0.416666667,0.541666667,8.028,7.878142638,7.866610415,7.909738832,-0.02006397,-0.000833083,2258.868899,2280.284202,2259.712947,-22.25935086,-0.924238119,-0.175605243,-7.543908819,-0.81651719,-6.064711011,-0.701139761,2051.312744,2076.942871,2036.615479,-55.0246582,-6.85409295,-0.108144632,17.49476148,18.22165429,16.06925673,-3.577902298,-0.056452536,0.404534105,0.571,0.351210485,-13.60861983,-11.68566268
Pocillopora damicornis,D3-1,45572,light,34,25,33.2,0.38,0.416666667,0.541666667,13.083,7.878142638,7.866610415,7.897686461,-0.0080116,-0.000204122,2258.868899,2280.284202,2260.024813,-22.57121644,-0.575077491,-0.109264723,2.722999312,-0.250515937,-6.898264924,-0.735209814,2051.312744,2076.942871,2042.882568,-42.49047852,-3.247762632,-0.031444108,17.49476148,18.22165429,16.60509391,-2.506227939,-0.024264736,0.531206454,0.585,0.218529447,-4.175265612,-12.2534969
Pocillopora damicornis,D3-2,45572,light,34,25,33.2,0.38,0.416666667,0.541666667,13.083,7.878142638,7.866610415,7.898579369,-0.008904508,-0.000226872,2258.868899,2280.284202,2253.199669,-15.74607254,-0.401184044,-0.076224968,2.722999312,-0.250515937,-6.898264924,-0.735209814,2051.312744,2076.942871,2036.065552,-56.12451172,-4.289880893,-0.041533663,17.49476148,18.22165429,16.51330041,-2.689814955,-0.026042184,0.280556072,0.533,0.152449937,-4.175265612,-12.2534969
Pocillopora damicornis,D3-3,45572,light,34,25,33.2,0.38,0.416666667,0.541666667,13.083,7.878142638,7.866610415,7.897885318,-0.008210456,-0.000209189,2258.868899,2280.284202,2258.907833,-21.45423729,-0.546618698,-0.103857553,2.722999312,-0.250515937,-6.898264924,-0.735209814,2051.312744,2076.942871,2041.740845,-44.77392578,-3.42229808,-0.033133921,17.49476148,18.22165429,16.58768373,-2.541048301,-0.024601859,0.479168108,0.527,0.207715105,-4.175265612,-12.2534969
Galaxea fascicularis,G1-1,45572,light,34,25,33.6,0.38,0.541666667,0.666666667,2.188472568,7.883301893,7.87701616,7.939832078,-0.050244452,-0.007652895,2265.499441,2259.330471,2242.253363,29.41504803,4.480301079,0.851257205,69.99745038,-0.162784768,-72.71052986,-2.441771525,2055.034912,2052.287354,2005.132202,-97.05786133,-44.3495901,-2.5669112,17.30577394,17.55156757,14.68488347,-5.487574581,-0.317615487,-0.303067136,0.572,-1.70251441,-2.713079472,-40.69619208
Galaxea fascicularis,G1-2,45572,light,34,25,33.6,0.38,0.541666667,0.666666667,2.188472568,7.883301893,7.87701616,7.944205372,-0.054617747,-0.008319006,2265.499441,2259.330471,2237.264456,34.40395529,5.240177677,0.995633759,69.99745038,-0.162784768,-72.71052986,-2.441771525,2055.034912,2052.287354,1998.255249,-110.8117676,-50.6342959,-2.930663868,17.30577394,17.55156757,14.47642225,-5.904497004,-0.341746552,-0.310472038,0.595,-1.991267517,-2.713079472,-40.69619208
Galaxea fascicularis,G1-3,45572,light,34,25,33.6,0.38,0.541666667,0.666666667,2.188472568,7.883301893,7.87701616,7.943611503,-0.054023878,-0.008228551,2265.499441,2259.330471,2242.356327,29.3120844,4.464618356,0.848277488,69.99745038,-0.162784768,-72.71052986,-2.441771525,2055.034912,2052.287354,2003.28064,-100.7609863,-46.04169492,-2.664848584,17.30577394,17.55156757,14.53425205,-5.788837412,-0.335052287,-0.290907081,0.596,-1.696554975,-2.713079472,-40.69619208
Galaxea fascicularis,G2-1,45572,light,34,25,33.6,0.38,0.541666667,0.666666667,2.973976871,7.883301893,7.87701616,7.950022911,-0.060435286,-0.00677379,2265.499441,2259.330471,2238.116405,33.55200628,3.760621746,0.714518132,24.35711613,-0.095831277,-25.95430407,-2.587444467,2055.034912,2052.287354,1996.033569,-115.255127,-38.75454718,-1.650621213,17.30577394,17.55156757,14.25269132,-6.351958878,-0.27054059,-0.291110748,0.574,-1.429036263,-1.597187943,-43.12407445
Galaxea fascicularis,G2-2,45572,light,34,25,33.6,0.38,0.541666667,0.666666667,2.973976871,7.883301893,7.87701616,7.955934613,-0.066346988,-0.007436394,2265.499441,2259.330471,2241.712132,29.95627846,3.357600475,0.63794409,24.35711613,-0.095831277,-25.95430407,-2.587444467,2055.034912,2052.287354,1996.2771,-114.7680664,-38.59077303,-1.643645797,17.30577394,17.55156757,14.04622633,-6.764888844,-0.288127971,-0.261015798,0.591,-1.275888181,-1.597187943,-43.12407445
Galaxea fascicularis,G2-3,45572,light,34,25,33.6,0.38,0.541666667,0.666666667,2.973976871,7.883301893,7.87701616,7.95328368,-0.063696054,-0.007139268,2265.499441,2259.330471,2241.228523,30.43988778,3.411805035,0.648242957,24.35711613,-0.095831277,-25.95430407,-2.587444467,2055.034912,2052.287354,1997.215454,-112.8913574,-37.95972945,-1.616768592,17.30577394,17.55156757,14.1458768,-6.565587915,-0.279639409,-0.269638779,0.577,-1.296485913,-1.597187943,-43.12407445
Galaxea fascicularis,G3-1,45572,light,34,25,33.6,0.38,0.541666667,0.666666667,4.17295491,7.883301893,7.87701616,7.943750278,-0.054162653,-0.004326483,2265.499441,2259.330471,2233.638044,38.03036664,3.037844681,0.577190489,20.77364886,-0.102445392,-22.48107205,-1.331790091,2055.034912,2052.287354,1995.129272,-117.0637207,-28.05295605,-0.851524761,17.30577394,17.55156757,14.47012136,-5.917098788,-0.179608741,-0.324868938,0.587,-1.154380979,-1.707423194,-22.19650152
Galaxea fascicularis,G3-2,45572,light,34,25,33.6,0.38,0.541666667,0.666666667,4.17295491,7.883301893,7.87701616,7.948123402,-0.058535777,-0.004675806,2265.499441,2259.330471,2230.164079,41.50433198,3.315343114,0.629915192,20.77364886,-0.102445392,-22.48107205,-1.331790091,2055.034912,2052.287354,1989.655151,-128.0119629,-30.67657467,-0.931162579,17.30577394,17.55156757,14.27441365,-6.30851421,-0.19148984,-0.324222292,0.523,-1.259830383,-1.707423194,-22.19650152
Galaxea fascicularis,G3-3,45572,light,34,25,33.6,0.38,0.541666667,0.666666667,4.17295491,7.883301893,7.87701616,7.947221798,-0.057634172,-0.004603786,2265.499441,2259.330471,2235.218716,36.44969473,2.911581482,0.553200482,20.77364886,-0.102445392,-22.48107205,-1.331790091,2055.034912,2052.287354,1994.802124,-117.7180176,-28.20975067,-0.856284135,17.30577394,17.55156757,14.3434622,-6.170417121,-0.187298014,-0.309635649,0.553,-1.106400963,-1.707423194,-22.19650152
Porites lutea,P1-1,45572,light,34,25,34.1,0.38,0.666666667,0.791666667,7.126,7.900024292,7.892977656,7.924537384,-0.017466457,-0.00081703,2259.053415,2261.824367,2203.43626,52.84620314,2.471990043,0.469678108,32.49543924,0.529925624,-23.6633455,-1.319814763,2040.82251,2046.877808,1976.824341,-134.0516357,-18.81162444,-0.334381948,16.49304424,16.83164754,15.03711307,-3.250465642,-0.057777947,-0.39422274,0.632,-0.939356216,8.832093741,-21.99691271
Porites lutea,P1-2,45572,light,34,25,34.1,0.38,0.666666667,0.791666667,5.459,7.900024292,7.892977656,7.926366415,-0.019295488,-0.001178207,2259.053415,2261.824367,2192.960636,63.32182698,3.866509555,0.734636815,32.49543924,0.529925624,-23.6633455,-1.319814763,2040.82251,2046.877808,1966.172363,-155.3555908,-28.45861711,-0.660333059,16.49304424,16.83164754,14.88849602,-3.547699742,-0.082318245,-0.407592843,0.623,-1.469273631,8.832093741,-21.99691271
Porites lutea,P1-3,45572,light,34,25,34.1,0.38,0.666666667,0.791666667,4.725,7.900024292,7.892977656,7.926184967,-0.01911404,-0.001348433,2259.053415,2261.824367,2198.383522,57.8989411,4.084581383,0.776070463,32.49543924,0.529925624,-23.6633455,-1.319814763,2040.82251,2046.877808,1971.304443,-145.0914307,-30.70718109,-0.823190745,16.49304424,16.83164754,14.93405789,-3.456576002,-0.09266306,-0.399051418,0.677,-1.552140925,8.832093741,-21.99691271
Porites lutea,P2-1,45572,light,34,25,34.1,0.38,0.666666667,0.791666667,7.126,7.900024292,7.892977656,7.950013648,-0.042942721,-0.002008734,2259.053415,2261.824367,2206.367335,49.91512822,2.334882974,0.443627765,30.67182634,0.417658912,-23.71084448,-0.848369665,2040.82251,2046.877808,1966.649658,-154.401001,-21.66727491,-0.385141943,16.49304424,16.83164754,14.0431911,-5.238309586,-0.093112435,-0.323282413,0.609,-0.88725553,6.960981865,-14.13949441
Porites lutea,P2-2,45572,light,34,25,34.1,0.38,0.666666667,0.791666667,5.459,7.900024292,7.892977656,7.954472157,-0.04740123,-0.002894378,2259.053415,2261.824367,2213.574383,42.70808027,2.607808528,0.49548362,30.67182634,0.417658912,-23.71084448,-0.848369665,2040.82251,2046.877808,1971.018311,-145.6636963,-26.68321969,-0.619138028,16.49304424,16.83164754,13.91909343,-5.48650492,-0.127304871,-0.293196461,0.638,-0.990967241,6.960981865,-14.13949441
Porites lutea,P2-3,45572,light,34,25,34.1,0.38,0.666666667,0.791666667,4.725,7.900024292,7.892977656,7.952058873,-0.044987946,-0.003173753,2259.053415,2261.824367,2208.873729,47.4087334,3.344531457,0.635460977,30.67182634,0.417658912,-23.71084448,-0.848369665,2040.82251,2046.877808,1967.916504,-151.8673096,-32.14122954,-0.861634372,16.49304424,16.83164754,13.98091756,-5.362856667,-0.143766175,-0.312172077,0.635,-1.270921954,6.960981865,-14.13949441
Porites lutea,P3-1,45572,light,34,25,34.1,0.38,0.666666667,0.791666667,7.126,7.900024292,7.892977656,7.955174733,-0.048103806,-0.002250155,2259.053415,2261.824367,2215.97518,40.30728273,1.885456204,0.358236679,42.72486772,0.91984127,-27.39417989,-1.115873016,2040.82251,2046.877808,1972.874146,-141.9520264,-19.92029559,-0.354088892,16.49304424,16.83164754,13.90784094,-5.509009896,-0.09792421,-0.283950034,0.633,-0.716473357,15.33068783,-18.5978836
Porites lutea,P3-2,45572,light,34,25,34.1,0.38,0.666666667,0.791666667,5.459,7.900024292,7.892977656,7.957491844,-0.050420917,-0.003078764,2259.053415,2261.824367,2201.412601,54.86986149,3.350422024,0.636580185,42.72486772,0.91984127,-27.39417989,-1.115873016,2040.82251,2046.877808,1958.209961,-171.2803955,-31.37578229,-0.728020838,16.49304424,16.83164754,13.72503838,-5.874615026,-0.136310296,-0.320351091,0.627,-1.273160369,15.33068783,-18.5978836
Porites lutea,P3-3,45572,light,34,25,34.1,0.38,0.666666667,0.791666667,4.725,7.900024292,7.892977656,7.966694455,-0.059623528,-0.004206245,2259.053415,2261.824367,2194.926782,61.35568053,4.328443071,0.822404184,42.72486772,0.91984127,-27.39417989,-1.115873016,2040.82251,2046.877808,1947.438477,-192.8233643,-40.80917762,-1.094002645,16.49304424,16.83164754,13.33993456,-6.644822669,-0.178132812,-0.318196297,0.631,-1.644808367,15.33068783,-18.5978836
Acropora hyacinthus,A1-1,45572,dark,34,25,34.9,0.38,0.833333333,0.958333333,9.651,7.823402341,7.816461009,7.722363046,0.107980627,0.003729514,2250.051406,2250.94519,2250.04191,-0.884286878,-0.03054215,-0.005803009,5.906123718,-0.376515387,-12.18138017,-0.82685732,2068.483643,2072.442139,2111.459229,81.99267578,8.495769949,0.111504596,20.16705923,20.54968138,26.27481603,11.83289144,0.15530338,-0.01078495,0.515,0.011606017,-6.27525645,-13.78095534
Acropora hyacinthus,A1-2,45572,dark,34,25,34.9,0.38,0.833333333,0.958333333,9.651,7.823402341,7.816461009,7.731465585,0.098878088,0.003415124,2250.051406,2250.94519,2256.076829,-6.919206021,-0.238980625,-0.045406319,5.906123718,-0.376515387,-12.18138017,-0.82685732,2068.483643,2072.442139,2113.569336,86.21289063,8.933052598,0.117243808,20.16705923,20.54968138,25.73306617,10.74939172,0.14108275,-0.080257209,0.529,0.090812637,-6.27525645,-13.78095534
Acropora hyacinthus,A1-3,45572,dark,34,25,34.9,0.38,0.833333333,0.958333333,9.651,7.823402341,7.816461009,7.737741755,0.092601917,0.003198353,2250.051406,2250.94519,2253.456356,-4.298733809,-0.148472829,-0.028209837,5.906123718,-0.376515387,-12.18138017,-0.82685732,2068.483643,2072.442139,2108.494141,76.0625,7.881307637,0.103439951,20.16705923,20.54968138,25.2873132,9.857885781,0.129381984,-0.05651581,0.508,0.056419675,-6.27525645,-13.78095534
Acropora hyacinthus,A2-1,45572,dark,34,25,34.9,0.38,0.833333333,0.958333333,11.973,7.823402341,7.816461009,7.696047078,0.134296595,0.003738873,2250.051406,2250.94519,2260.356133,-11.19851003,-0.311771208,-0.05923653,2.975444751,-0.345151591,-8.727971269,-0.48202205,2068.483643,2072.442139,2131.846436,122.7670898,10.25366156,0.108477168,20.16705923,20.54968138,28.25245955,15.78817848,0.16702881,-0.091217525,0.503,0.118473059,-5.752526518,-8.033700827
Acropora hyacinthus,A2-2,45572,dark,34,25,34.9,0.38,0.833333333,0.958333333,11.973,7.823402341,7.816461009,7.701155951,0.129187722,0.00359664,2250.051406,2250.94519,2262.491855,-13.33423208,-0.371230604,-0.070533815,2.975444751,-0.345151591,-8.727971269,-0.48202205,2068.483643,2072.442139,2131.89209,122.8583984,10.26128777,0.108557848,20.16705923,20.54968138,27.91033691,15.10393321,0.159789933,-0.108533338,0.522,0.14106763,-5.752526518,-8.033700827
Acropora hyacinthus,A2-3,45572,dark,34,25,34.9,0.38,0.833333333,0.958333333,11.973,7.823402341,7.816461009,7.704970953,0.12537272,0.003490429,2250.051406,2250.94519,2260.698956,-11.54133378,-0.321315565,-0.061049957,2.975444751,-0.345151591,-8.727971269,-0.48202205,2068.483643,2072.442139,2128.655029,116.3842773,9.720561041,0.102837306,20.16705923,20.54968138,27.61498989,14.51323916,0.153540769,-0.099165747,0.517,0.122099915,-5.752526518,-8.033700827
Acropora hyacinthus,A3-1,45572,dark,34,25,34.9,0.38,0.833333333,0.958333333,17.295,7.823402341,7.816461009,7.709862014,0.120481659,0.00232209,2250.051406,2250.94519,2263.525611,-14.36798819,-0.276919884,-0.052614778,3.158427291,-0.29661752,-8.102052616,-0.741543799,2068.483643,2072.442139,2129.431152,117.9365234,6.819110924,0.049942414,20.16705923,20.54968138,27.30373602,13.89073142,0.10173418,-0.121828148,0.519,0.105229556,-4.943625325,-12.35906331
Acropora hyacinthus,A3-2,45572,dark,34,25,34.9,0.38,0.833333333,0.958333333,17.295,7.823402341,7.816461009,7.72783847,0.102505203,0.001975623,2250.051406,2250.94519,2265.083297,-15.9256748,-0.306941791,-0.05831894,3.158427291,-0.29661752,-8.102052616,-0.741543799,2068.483643,2072.442139,2123.687988,106.4501953,6.154969373,0.045078315,20.16705923,20.54968138,26.08228061,11.44782061,0.083842572,-0.149606816,0.521,0.11663788,-4.943625325,-12.35906331
Acropora hyacinthus,A3-3,45572,dark,34,25,34.9,0.38,0.833333333,0.958333333,17.295,7.823402341,7.816461009,7.721400269,0.108943403,0.002099709,2250.051406,2250.94519,2260.820657,-11.66303426,-0.224786244,-0.042709386,3.158427291,-0.29661752,-8.102052616,-0.741543799,2068.483643,2072.442139,2122.20166,103.4775391,5.983089856,0.043819488,20.16705923,20.54968138,26.46950379,12.22226696,0.089514531,-0.112710781,0.512,0.085418773,-4.943625325,-12.35906331
Pocillopora damicornis,D1-1,45575,dark,34,25,35.2,0.38,0.833333333,0.958333333,11.658,7.827190963,7.826162319,7.740007183,0.088212424,0.002522229,2217.340802,2218.136524,2209.360449,7.184631189,0.20542778,0.039031278,2.9539801,-0.378924344,-9.269385829,-0.531716418,2035.843628,2037.05603,2065.312012,57.72436523,4.951480977,0.053798901,19.66661604,19.72767029,24.63497491,9.875663495,0.107301199,0.124464447,0.595,-0.078062557,-6.31540573,-8.861940299
Pocillopora damicornis,D1-2,45575,dark,34,25,35.2,0.38,0.833333333,0.958333333,11.658,7.827190963,7.826162319,7.745351052,0.082868555,0.002369433,2217.340802,2218.136524,2218.44877,-1.903689269,-0.054431557,-0.010341996,2.9539801,-0.378924344,-9.269385829,-0.531716418,2035.843628,2037.05603,2071.847412,70.79516602,6.072668212,0.065980841,19.66661604,19.72767029,24.39751405,9.400741775,0.102141073,-0.026890102,0.584,0.020683992,-6.31540573,-8.861940299
Pocillopora damicornis,D1-3,45575,dark,34,25,35.2,0.38,0.833333333,0.958333333,11.658,7.827190963,7.826162319,7.744568761,0.083650846,0.002391801,2217.340802,2218.136524,2204.198554,12.34652587,0.353020126,0.067073824,2.9539801,-0.378924344,-9.269385829,-0.531716418,2035.843628,2037.05603,2058.520508,44.14135742,3.786357645,0.041139587,19.66661604,19.72767029,24.28620689,9.178127461,0.09972232,0.279704264,0.592,-0.134147648,-6.31540573,-8.861940299
Pocillopora damicornis,D2-1,45575,dark,34,25,35.2,0.38,0.833333333,0.958333333,8.028,7.827190963,7.826162319,7.755227012,0.072992595,0.003030751,2217.340802,2218.136524,2215.846832,0.698248296,0.028992206,0.005508519,-7.543908819,-0.81651719,-6.064711011,-0.701139761,2035.843628,2037.05603,2065.309082,57.71850586,7.189649459,0.11343908,19.66661604,19.72767029,23.74928235,8.104278382,0.127870195,0.012097477,0.568,-0.011017038,-13.60861983,-11.68566268
Pocillopora damicornis,D2-2,45575,dark,34,25,35.2,0.38,0.833333333,0.958333333,8.028,7.827190963,7.826162319,7.762842718,0.065376889,0.002714536,2217.340802,2218.136524,2210.346245,6.198835723,0.257383978,0.048902956,-7.543908819,-0.81651719,-6.064711011,-0.701139761,2035.843628,2037.05603,2056.905273,40.91088867,5.096024996,0.080405643,19.66661604,19.72767029,23.22254851,7.050810697,0.111248466,0.151520437,0.565,-0.097805912,-13.60861983,-11.68566268
Pocillopora damicornis,D2-3,45575,dark,34,25,35.2,0.38,0.833333333,0.958333333,8.028,7.827190963,7.826162319,7.765197886,0.063021721,0.002616746,2217.340802,2218.136524,2205.058599,11.48648086,0.4769341,0.090617479,-7.543908819,-0.81651719,-6.064711011,-0.701139761,2035.843628,2037.05603,2050.879395,28.85913086,3.594809524,0.0567193,19.66661604,19.72767029,23.02338853,6.652490739,0.10496373,0.398018946,0.571,-0.181234958,-13.60861983,-11.68566268
Pocillopora damicornis,D3-1,45575,dark,34,25,35.2,0.38,0.833333333,0.958333333,13.083,7.827190963,7.826162319,7.725372036,0.102847572,0.002620387,2217.340802,2218.136524,2217.313202,-0.768121529,-0.019570474,-0.00371839,2.722999312,-0.250515937,-6.898264924,-0.735209814,2035.843628,2037.05603,2078.819824,84.73999023,6.477106951,0.062709894,19.66661604,19.72767029,25.68272093,11.97115553,0.115902038,-0.009064451,0.585,0.00743678,-4.175265612,-12.2534969
Pocillopora damicornis,D3-2,45575,dark,34,25,35.2,0.38,0.833333333,0.958333333,13.083,7.827190963,7.826162319,7.721341222,0.106878385,0.002723086,2217.340802,2218.136524,2207.627999,8.917081577,0.22719258,0.04316659,2.722999312,-0.250515937,-6.898264924,-0.735209814,2035.843628,2037.05603,2071.119629,69.33959961,5.29997704,0.051313187,19.66661604,19.72767029,25.83603281,12.2777793,0.118870701,0.128600131,0.533,-0.08633318,-4.175265612,-12.2534969
Pocillopora damicornis,D3-3,45575,dark,34,25,35.2,0.38,0.833333333,0.958333333,13.083,7.827190963,7.826162319,7.72495608,0.103263527,0.002630985,2217.340802,2218.136524,2210.264905,6.280175816,0.160008556,0.030401626,2.722999312,-0.250515937,-6.898264924,-0.735209814,2035.843628,2037.05603,2072.217285,71.53491211,5.467775901,0.052937778,19.66661604,19.72767029,25.62668718,11.85908803,0.114817026,0.08779176,0.527,-0.060803251,-4.175265612,-12.2534969
Galaxea fascicularis,G1-1,45576,dark,34,25,33.8,0.38,0.958333333,0.083333333,2.188472568,7.819158383,7.815708603,7.738249442,0.084358721,0.01284895,2242.67209,2239.744295,2217.442234,28.15765048,4.288782794,0.814868731,69.99745038,-0.162784768,-72.71052986,-2.441771525,2063.402344,2062.16748,2073.768311,21.96679688,10.03750159,0.580960843,20.32629435,20.4852366,24.84054944,8.869567929,0.513361977,1.281827781,0.572,-1.629737462,-2.713079472,-40.69619208
Galaxea fascicularis,G1-2,45576,dark,34,25,33.8,0.38,0.958333333,0.083333333,2.188472568,7.819158383,7.815708603,7.730840065,0.091768098,0.013977496,2242.67209,2239.744295,2240.815114,4.78477113,0.728783963,0.138468953,69.99745038,-0.162784768,-72.71052986,-2.441771525,2063.402344,2062.16748,2099.180664,72.79150391,33.261328,1.925133359,20.32629435,20.4852366,25.59628218,10.38103341,0.600844131,0.065732549,0.595,-0.276937906,-2.713079472,-40.69619208
Galaxea fascicularis,G1-3,45576,dark,34,25,33.8,0.38,0.958333333,0.083333333,2.188472568,7.819158383,7.815708603,7.739115434,0.08349273,0.012717048,2242.67209,2239.744295,2241.442915,4.156969812,0.633161514,0.120300688,69.99745038,-0.162784768,-72.71052986,-2.441771525,2063.402344,2062.16748,2096.418457,67.26708984,30.73700389,1.779027932,20.32629435,20.4852366,25.05967574,9.307820536,0.538727612,0.061797973,0.596,-0.240601375,-2.713079472,-40.69619208
Galaxea fascicularis,G2-1,45576,dark,34,25,33.8,0.38,0.958333333,0.083333333,2.973976871,7.819158383,7.815708603,7.698693886,0.123914278,0.013888729,2242.67209,2239.744295,2233.440815,12.15906927,1.362829391,0.258937584,24.35711613,-0.095831277,-25.95430407,-2.587444467,2063.402344,2062.16748,2104.86377,84.15771484,28.29803946,1.205260998,20.32629435,20.4852366,27.71909581,14.62666067,0.622974028,0.144479556,0.574,-0.517875169,-1.597187943,-43.12407445
Galaxea fascicularis,G2-2,45576,dark,34,25,33.8,0.38,0.958333333,0.083333333,2.973976871,7.819158383,7.815708603,7.713680581,0.108927582,0.01220897,2242.67209,2239.744295,2234.301205,11.29867999,1.266394067,0.240614873,24.35711613,-0.095831277,-25.95430407,-2.587444467,2063.402344,2062.16748,2099.796387,74.02294922,24.89022357,1.0601164,20.32629435,20.4852366,26.67882081,12.54611067,0.534359912,0.152637528,0.591,-0.481229745,-1.597187943,-43.12407445
Galaxea fascicularis,G2-3,45576,dark,34,25,33.8,0.38,0.958333333,0.083333333,2.973976871,7.819158383,7.815708603,7.716388911,0.106219252,0.011905411,2242.67209,2239.744295,2230.681016,14.91886855,1.67215698,0.317709826,24.35711613,-0.095831277,-25.95430407,-2.587444467,2063.402344,2062.16748,2095.240479,64.91113281,21.82637446,0.929621923,20.32629435,20.4852366,26.44888139,12.08623182,0.5147729,0.229835283,0.577,-0.635419653,-1.597187943,-43.12407445
Galaxea fascicularis,G3-1,45576,dark,34,25,33.8,0.38,0.958333333,0.083333333,4.17295491,7.819158383,7.815708603,7.727694884,0.09491328,0.00758162,2242.67209,2239.744295,2230.009669,15.59021571,1.24533782,0.236614186,20.77364886,-0.102445392,-22.48107205,-1.331790091,2063.402344,2062.16748,2090.079102,54.58837891,13.08146867,0.397077387,20.32629435,20.4852366,25.67834928,10.54516761,0.320090022,0.285595873,0.587,-0.473228372,-1.707423194,-22.19650152
Galaxea fascicularis,G3-2,45576,dark,34,25,33.8,0.38,0.958333333,0.083333333,4.17295491,7.819158383,7.815708603,7.731144439,0.091463724,0.007306072,2242.67209,2239.744295,2223.297801,22.30208381,1.781478137,0.338480846,20.77364886,-0.102445392,-22.48107205,-1.331790091,2063.402344,2062.16748,2082.250732,38.93164063,9.329513848,0.283189837,20.32629435,20.4852366,25.37131906,9.931107166,0.301450715,0.572852401,0.523,-0.676961692,-1.707423194,-22.19650152
Galaxea fascicularis,G3-3,45576,dark,34,25,33.8,0.38,0.958333333,0.083333333,4.17295491,7.819158383,7.815708603,7.725760202,0.096847961,0.007736162,2242.67209,2239.744295,2228.54486,17.05502498,1.362345975,0.258845735,20.77364886,-0.102445392,-22.48107205,-1.331790091,2063.402344,2062.16748,2089.449219,53.32861328,12.77958052,0.387913817,20.32629435,20.4852366,25.79002657,10.76852219,0.32686977,0.319810022,0.553,-0.517691471,-1.707423194,-22.19650152
Porites lutea,P1-1,45576,dark,34,25,34.2,0.38,0.083333333,0.208333333,7.126,7.818909054,7.80001049,7.681777653,0.156029964,0.007298623,2243.541291,2250.761076,2253.759757,-17.43824994,-0.815710073,-0.154984914,32.49543924,0.529925624,-23.6633455,-1.319814763,2064.33667,2079.546631,2131.039551,118.1958008,16.58655638,0.294830734,20.3478356,21.46032493,29.21979562,16.6314307,0.295628387,-0.147536967,0.632,0.309969828,8.832093741,-21.99691271
Porites lutea,P1-2,45576,dark,34,25,34.2,0.38,0.083333333,0.208333333,5.459,7.818909054,7.80001049,7.687867063,0.149940553,0.009155557,2243.541291,2250.761076,2247.759603,-11.43809583,-0.698424365,-0.132700629,32.49543924,0.529925624,-23.6633455,-1.319814763,2064.33667,2079.546631,2122.887695,101.8920898,18.66497341,0.433088471,20.3478356,21.46032493,28.68841418,15.56866782,0.361244048,-0.112256956,0.623,0.265401259,8.832093741,-21.99691271
Porites lutea,P1-3,45576,dark,34,25,34.2,0.38,0.083333333,0.208333333,4.725,7.818909054,7.80001049,7.681594396,0.156213221,0.011020333,2243.541291,2250.761076,2249.190264,-12.86875688,-0.90784881,-0.172491274,32.49543924,0.529925624,-23.6633455,-1.319814763,2064.33667,2079.546631,2126.695557,109.5078125,23.17625661,0.621303528,20.3478356,21.46032493,29.17296309,16.53776565,0.443340455,-0.11751451,0.677,0.344982548,8.832093741,-21.99691271
Porites lutea,P2-1,45576,dark,34,25,34.2,0.38,0.083333333,0.208333333,7.126,7.818909054,7.80001049,7.720357798,0.117449818,0.005493957,2243.541291,2250.761076,2260.185776,-23.86426921,-1.116300365,-0.212097069,30.67182634,0.417658912,-23.71084448,-0.848369665,2064.33667,2079.546631,2122.012207,100.1411133,14.05292075,0.249794643,20.3478356,21.46032493,26.53333444,11.25850834,0.200123172,-0.23830641,0.609,0.424194139,6.960981865,-14.13949441
Porites lutea,P2-2,45576,dark,34,25,34.2,0.38,0.083333333,0.208333333,5.459,7.818909054,7.80001049,7.724555252,0.113252365,0.00691533,2243.541291,2250.761076,2258.513066,-22.19155946,-1.355044236,-0.257458405,30.67182634,0.417658912,-23.71084448,-0.848369665,2064.33667,2079.546631,2118.711426,93.53955078,17.13492412,0.39758632,20.3478356,21.46032493,26.22687871,10.64559688,0.247012689,-0.237242528,0.638,0.51491681,6.960981865,-14.13949441
Porites lutea,P2-3,45576,dark,34,25,34.2,0.38,0.083333333,0.208333333,4.725,7.818909054,7.80001049,7.723193148,0.114614469,0.008085677,2243.541291,2250.761076,2260.939293,-24.61778652,-1.736704517,-0.329973858,30.67182634,0.417658912,-23.71084448,-0.848369665,2064.33667,2079.546631,2121.592041,99.30078125,21.01603836,0.563392915,20.3478356,21.46032493,26.34842346,10.88868638,0.291901293,-0.247911308,0.635,0.659947716,6.960981865,-14.13949441
Porites lutea,P3-1,45576,dark,34,25,34.2,0.38,0.083333333,0.208333333,7.126,7.818909054,7.80001049,7.693766421,0.144041196,0.006737824,2243.541291,2250.761076,2248.882595,-12.56108871,-0.587570807,-0.111638453,42.72486772,0.91984127,-27.39417989,-1.115873016,2064.33667,2079.546631,2121.675293,99.46728516,13.95836166,0.248113829,20.3478356,21.46032493,28.27120292,14.7342453,0.26190538,-0.126283619,0.633,0.223276907,15.33068783,-18.5978836
Porites lutea,P3-2,45576,dark,34,25,34.2,0.38,0.083333333,0.208333333,5.459,7.818909054,7.80001049,7.699132499,0.138675118,0.008467675,2243.541291,2250.761076,2242.375246,-6.053739127,-0.369648845,-0.07023328,42.72486772,0.91984127,-27.39417989,-1.115873016,2064.33667,2079.546631,2113.302979,82.72265625,15.153445,0.351609519,20.3478356,21.46032493,27.80108063,13.79400073,0.320065963,-0.07318115,0.627,0.140466561,15.33068783,-18.5978836
Porites lutea,P3-3,45576,dark,34,25,34.2,0.38,0.083333333,0.208333333,4.725,7.818909054,7.80001049,7.699461991,0.138345626,0.009759833,2243.541291,2250.761076,2244.7823,-8.460792916,-0.596881334,-0.113407454,42.72486772,0.91984127,-27.39417989,-1.115873016,2064.33667,2079.546631,2115.493652,87.10400391,18.43470982,0.494193279,20.3478356,21.46032493,27.80799913,13.80783772,0.370157202,-0.097134374,0.631,0.226814907,15.33068783,-18.5978836
